target,method,sequence_id,length,unique_sequence_hash,hydrophobic_fraction,charged_fraction,glycine_fraction,proline_fraction
9NFU,baseline,"T=0.1,",247,05bcd02218a963d571b697f0908b87a0a5315c453d40db04f4a40f4c446bbf13,0.3562753036437247,0.17813765182186234,0.09716599190283401,0.05263157894736842
9NFU,baseline,"T=0.1,",247,50a0b87d6dd82bba25a9c3a65f92f0fb9db6faaf1a57e5f98f8b20805fc57f3e,0.3603238866396761,0.16194331983805668,0.09716599190283401,0.05263157894736842
9NFU,baseline,"T=0.1,",247,42195298ebca00078418b40b6893df198aa3031106d20d2668152b02599ac122,0.3522267206477733,0.17813765182186234,0.09716599190283401,0.05263157894736842
9NFU,baseline,"T=0.1,",247,398f1493e5d4b0c45615a3c96a9941867ad1a4c289890216cef63be3241246e9,0.3562753036437247,0.17408906882591094,0.09716599190283401,0.05263157894736842
9NFU,baseline,"T=0.1,",247,09fd75aabf867331bf7ca71d94f9a533103e0fc1f0e79e212d0b0cff2bf2b124,0.3562753036437247,0.1700404858299595,0.09716599190283401,0.05263157894736842
9NFU,baseline,"T=0.1,",247,1c1e5a4856cf1e5b346249eddb8838865a201c4fdafb45aebb334ac157912975,0.3603238866396761,0.17408906882591094,0.09716599190283401,0.05263157894736842
9NFU,baseline,"T=0.1,",247,f1ffa7bcca2403a8641f85ecb8a9ad1accc11522f78461d34859e827e4547e1a,0.3643724696356275,0.17408906882591094,0.10121457489878542,0.05263157894736842
9NFU,baseline,"T=0.1,",247,a73f5827fdb601f097b207fd65da04b8efb9b45f46751b52758cebcf3659ae3d,0.3603238866396761,0.16194331983805668,0.09716599190283401,0.05263157894736842
9NFU,baseline,"T=0.1,",247,b025c2b4d1eaf9f3d6fe1f81594b4cd99c83ffb8224e7bb6ac2c92a8d8e645ce,0.3522267206477733,0.18218623481781376,0.09716599190283401,0.05263157894736842
9NFU,baseline,"T=0.1,",247,50e295f9b8251466fe448c1df68c25586cdae87a62a9e05df9da356045b45d76,0.3562753036437247,0.1700404858299595,0.09716599190283401,0.05263157894736842
9NFU,baseline,"T=0.1,",247,8aa21d27d2d49691dc7ed53ebfa42f9c384699d9e0411cd52b603f4b4ea326a0,0.3522267206477733,0.18218623481781376,0.09716599190283401,0.05263157894736842
9NFU,baseline,"T=0.1,",247,3f740d8d58d373637c1ae900f7f87439592d8933ecc3dd17c4059fdb7d38072e,0.3562753036437247,0.18218623481781376,0.09716599190283401,0.05263157894736842
9NFU,baseline,"T=0.1,",247,3783382cbee639f7e68789743bf9f5266807257b774d263bab63bfee1507e511,0.3562753036437247,0.17408906882591094,0.09716599190283401,0.05263157894736842
9NFU,baseline,"T=0.1,",247,f92664a89c82e0762d688e53d64d4834fff5fc4396a873deb6191792e37e0a1c,0.3643724696356275,0.17813765182186234,0.09716599190283401,0.05263157894736842
9NFU,baseline,"T=0.1,",247,e8a766e9a39fe9fe3a17c86ef39823a1d9d2ee9b14178c51026ae4495233eea1,0.3562753036437247,0.1700404858299595,0.09716599190283401,0.05263157894736842
9NFU,baseline,"T=0.1,",247,ae3f122f1d6156fc25142ffbf19d17fce4d52da1bb3b11fa38b3994f3f441943,0.3522267206477733,0.18218623481781376,0.09716599190283401,0.05263157894736842
9NFU,baseline,"T=0.1,",247,1affe939d70378ead199c55f65986134b49d51d66af8c4aa09b6ad7db2ba1962,0.3522267206477733,0.1862348178137652,0.09716599190283401,0.05263157894736842
9NFU,baseline,"T=0.1,",247,ed3c519b8e19232d3d81937a69f098b8ab0b6941d8c1c7a8a19d8854699f3bcd,0.3522267206477733,0.1700404858299595,0.10121457489878542,0.05263157894736842
9NFU,baseline,"T=0.1,",247,078282b0ffb2e597d33a9fec44f19a8dfd0635297302038e162192240848caea,0.3481781376518219,0.18218623481781376,0.10121457489878542,0.05263157894736842
9NFU,baseline,"T=0.1,",247,270d0e7df0dcb75c3443684c8f5c8c62b4c11a059a1f0424f6b91d4b62b12b97,0.3603238866396761,0.17813765182186234,0.09716599190283401,0.05263157894736842
9NFU,baseline,"T=0.1,",247,71d438664aa1bce94296e081cd7a97ff2b151c2f1e70b3bae5e2216469b12381,0.3603238866396761,0.17813765182186234,0.09716599190283401,0.05263157894736842
9NFU,baseline,"T=0.1,",247,19c5dd54903c9f3f3822682881a42f6c048f7df8a2e8f060dd95029d89edea00,0.3603238866396761,0.17813765182186234,0.09716599190283401,0.05263157894736842
9NFU,baseline,"T=0.1,",247,0f6d8b2935709704b828b88707ec08fefa82ad060353edfbf1ae1911debdbd2b,0.3562753036437247,0.1659919028340081,0.09716599190283401,0.05263157894736842
9NFU,baseline,"T=0.1,",247,24cf61bd249c80b821994afbb882edd8c2e301c73fa2e7a1e12b1c5630074322,0.3562753036437247,0.17408906882591094,0.09716599190283401,0.05263157894736842
9NFU,baseline,"T=0.1,",247,c2cb5eba02e9c660ac490ddbd6e7b2173a524d53667795cd0a8ddfb87e2a25c6,0.3562753036437247,0.1700404858299595,0.09716599190283401,0.05263157894736842
9NFU,baseline,"T=0.1,",247,15e734a41eef8f71c2d6235bc5e43866d6aca40adfd785cff53dcc847ec629d6,0.3562753036437247,0.17408906882591094,0.09716599190283401,0.05263157894736842
9NFU,baseline,"T=0.1,",247,17f9667085c17cca64962ba2667b4a98866437c1fb7b8819ed7928b1adcf5f13,0.3603238866396761,0.1700404858299595,0.09716599190283401,0.05263157894736842
9NFU,baseline,"T=0.1,",247,c404502f58a5b60d073a23dcfd7f4f7a28220cb887cf911764eb997b47a9049d,0.3522267206477733,0.18218623481781376,0.10121457489878542,0.05263157894736842
9NFU,baseline,"T=0.1,",247,bce8931ecb149591370ccdcfca65c2598e71bf9cf74211255a1a7fed80d8cde9,0.3603238866396761,0.17813765182186234,0.09716599190283401,0.05263157894736842
9NFU,baseline,"T=0.1,",247,4228a5c492f80439dcaf316d42657e8a3e15e6370b1e4483f87cb8115a5afa86,0.3603238866396761,0.17813765182186234,0.09716599190283401,0.05263157894736842
9NFU,baseline,"T=0.1,",247,4a978de3e891a708a5a8e0bc048c370a900ff1f51c3074075036582a885155b5,0.3562753036437247,0.1659919028340081,0.09716599190283401,0.05263157894736842
9NFU,baseline,"T=0.1,",247,f2f2e2c82d55e17df6a550aa165963c6705c9a0602da4093094985da10b31e8e,0.3603238866396761,0.16194331983805668,0.09716599190283401,0.05263157894736842
9NFU,baseline,"T=0.1,",247,fd5f5a90e8393ec8e4abacd11541bd689cfaa8df2fa07bb94297b412fc3c44e7,0.3603238866396761,0.17813765182186234,0.09716599190283401,0.05263157894736842
9NFU,baseline,"T=0.1,",247,68fbfd8d3797a3f73d40d36086893e700b03ad59dbd9db69bf6127b75c977730,0.3603238866396761,0.16194331983805668,0.09716599190283401,0.05263157894736842
9NFU,baseline,"T=0.1,",247,37d997637af8316b72424594b6ce98044ddc578604f79dd8749bd76e1d235082,0.3603238866396761,0.17813765182186234,0.09716599190283401,0.05263157894736842
9NFU,baseline,"T=0.1,",247,e43f141da3b61981bc7a1fd05e80272e3f783ba71452d43dd304b06453ddc8ef,0.3643724696356275,0.16194331983805668,0.09716599190283401,0.05263157894736842
9NFU,baseline,"T=0.1,",247,e6d72a63093a502689ab7454df966689e89103bffd93fd6d10bd28892415e928,0.3562753036437247,0.17408906882591094,0.09716599190283401,0.05263157894736842
9NFU,baseline,"T=0.1,",247,488eaebd70df10e20b47a44192352358f7d9e83638cd603d7ff726fc3a810b91,0.3603238866396761,0.1659919028340081,0.09716599190283401,0.05263157894736842
9NFU,baseline,"T=0.1,",247,d7f9b70481fef4d1564dd3afec87b0e21f785c137b5f2ecdaed84f3579a697ac,0.3603238866396761,0.1700404858299595,0.09716599190283401,0.05263157894736842
9NFU,baseline,"T=0.1,",247,48fb7edd5cbbf7e9b6e6a0080763d83a66198c845e11a7a79e67f331220e83fa,0.3562753036437247,0.17813765182186234,0.09716599190283401,0.05263157894736842
9NFU,baseline,"T=0.1,",247,566935b18df3adf9346c54b9326d112e819f68d82d3e62eb8903cb59d89737b0,0.3562753036437247,0.17813765182186234,0.09716599190283401,0.05263157894736842
9NFU,baseline,"T=0.1,",247,d27e5995a55875df7245c102d7d9ace9a5768248fcd092b16f32f2e5daf1c201,0.3603238866396761,0.1700404858299595,0.09716599190283401,0.05263157894736842
9NFU,baseline,"T=0.1,",247,b77a24fab5c5055367ed49aa81212f7f6e74b9788b96df5cb995f1c3ae685897,0.3643724696356275,0.1659919028340081,0.09716599190283401,0.05263157894736842
9NFU,baseline,"T=0.1,",247,99a24210b982c0a435a61ba83cb1c8c0d2d991900b918d89d13a429622950957,0.3522267206477733,0.17408906882591094,0.09716599190283401,0.05263157894736842
9NFU,baseline,"T=0.1,",247,139f98b169a3ebb15fbb4a1461afb4555b7012e50d9394ddcbe86ae18700f47c,0.3603238866396761,0.1700404858299595,0.09716599190283401,0.05263157894736842
9NFU,baseline,"T=0.1,",247,dff0d041f7725f888dc1064093c7d8e10a64f57f157e05416a969a262f55185b,0.3562753036437247,0.17408906882591094,0.09716599190283401,0.05263157894736842
9NFU,baseline,"T=0.1,",247,035980862c52751217b43e48d52f8f2d408efa785f5d9b4d6a0edcf4b57dd0cc,0.3562753036437247,0.17408906882591094,0.09716599190283401,0.05263157894736842
9NFU,baseline,"T=0.1,",247,acfdae8626b98f982b9633fd2f27d82e246ce1c4c6f5e8d51b8c158142c3a1ee,0.3522267206477733,0.1862348178137652,0.09716599190283401,0.05263157894736842
9NFU,baseline,"T=0.1,",247,f78bc036255889492b23c344090d23bd7d47d3016504b571716efd0c3a50daa2,0.3562753036437247,0.1862348178137652,0.09716599190283401,0.05263157894736842
9NFU,baseline,"T=0.1,",247,4ccbafa6f0395205a8fef83df4234e7e13fb1ec49baf030f5ed6e03666a3b3fc,0.3643724696356275,0.18218623481781376,0.09716599190283401,0.048582995951417005
9NFU,baseline,"T=0.1,",247,cd88adced946e4a8ba587c0bba7d34009e4d596ae67e8893415a44c550006f9c,0.3562753036437247,0.1902834008097166,0.09716599190283401,0.05263157894736842
9NFU,baseline,"T=0.1,",247,c2ca58d390a389299d5c6e3ac7aeb4c063a223cdea4aa1d0efb3ce3ab3847d93,0.3603238866396761,0.1700404858299595,0.09716599190283401,0.05263157894736842
9NFU,baseline,"T=0.1,",247,96fbb92412e68c1a9313ee7759e3c2d7e8498d134c6b73203ae2554e9d7b8eb9,0.3603238866396761,0.17813765182186234,0.10121457489878542,0.05263157894736842
9NFU,baseline,"T=0.1,",247,49426133674274592fd95a248778bd3c561c1a2e2dab2bdf573942a5a3a4a151,0.3643724696356275,0.1700404858299595,0.09716599190283401,0.05263157894736842
9NFU,baseline,"T=0.1,",247,8ff3be6519ae600c6bef0c8f5d3d3ae04aaa598045d44374d85e505edbcfc2a8,0.3603238866396761,0.17813765182186234,0.09716599190283401,0.05263157894736842
9NFU,baseline,"T=0.1,",247,7dca6acc6844c927d3aaf6a86584820ad4d5f1e0e5432831a3239f2dcc8e0b6e,0.3522267206477733,0.17813765182186234,0.10121457489878542,0.05263157894736842
9NFU,baseline,"T=0.1,",247,bdb7f597713038317d524c39d437878ca8bdd8794edb716a69a8e8357b2b7cb5,0.3603238866396761,0.18218623481781376,0.09716599190283401,0.05263157894736842
9NFU,baseline,"T=0.1,",247,0e07f191d10d3bed9d21c7f99cf43c148b5ef29446c170f22e8af6ce1c3f3ed9,0.3562753036437247,0.17408906882591094,0.09716599190283401,0.05263157894736842
9NFU,baseline,"T=0.1,",247,8118fd79021cf25207c98c1825b32dcf1d9b3b2b8a24aec35a707ebbe670cd85,0.3603238866396761,0.1659919028340081,0.09716599190283401,0.05263157894736842
9NFU,baseline,"T=0.1,",247,368b3883f7942cf19d9e9d6374298b63de87ab86f05979e3751a832d5ad084df,0.3603238866396761,0.17408906882591094,0.09716599190283401,0.05263157894736842
9NFU,baseline,"T=0.1,",247,94ee68b57321e2098e11ee6b328c6d006343ba7d18731fdc1a1e4536465d1c55,0.3562753036437247,0.17408906882591094,0.09716599190283401,0.05263157894736842
9NFU,baseline,"T=0.1,",247,07ea82bc442bcdc5ffceee2d20ea1346aafee8ce416a59b2c3194e463b4cfc2a,0.3522267206477733,0.17408906882591094,0.09716599190283401,0.05263157894736842
9NFU,baseline,"T=0.1,",247,83e2f2fbbb548d227886f410a2f3a658d163d51f01eecca057e908e9ae172278,0.3603238866396761,0.17408906882591094,0.09716599190283401,0.05263157894736842
9NFU,baseline,"T=0.1,",247,a2ccdb75b2e2eb27e66d051b2590deaf460d0a0a7a36f1c9f32f06952281db0d,0.3562753036437247,0.1659919028340081,0.09716599190283401,0.05263157894736842
9NFU,baseline,"T=0.1,",247,536415f12b2f28a25d14ff9d7f5b85f3c5d4a98dda616bedf743bd634321f905,0.3603238866396761,0.17813765182186234,0.09716599190283401,0.05263157894736842
9NFU,baseline,"T=0.1,",247,38c1aa3c14e95b007c88ad87df0d25a402c5e085fb196dc1c225892f81684658,0.3684210526315789,0.1700404858299595,0.09716599190283401,0.05263157894736842
9NFU,baseline,"T=0.1,",247,ffecae983b670276f8ee79eb7af301e7c19b9b7807ef98a4929d4d454392fbd5,0.3562753036437247,0.1700404858299595,0.09716599190283401,0.05263157894736842
9NFU,baseline,"T=0.1,",247,c7dc6547d390db033d322db4e47712b765a6c6171bed44db0d9a4e8aae596d4f,0.3562753036437247,0.17408906882591094,0.09716599190283401,0.05263157894736842
9NFU,baseline,"T=0.1,",247,3d8902a7c2508d3a221b51f2d8003293eacf9213906dccfed243ff9da83acbaf,0.3643724696356275,0.1659919028340081,0.09716599190283401,0.05263157894736842
9NFU,baseline,"T=0.1,",247,4b4514ea4388d4824d1d3b494040d65e94223f473f5d665c9cdbd67c467f4380,0.3603238866396761,0.17813765182186234,0.09716599190283401,0.05263157894736842
9NFU,baseline,"T=0.1,",247,95b5273f44af356d8baaa4983e53831f1da9dd41bb51b706d05afc15c6229044,0.3562753036437247,0.17813765182186234,0.09716599190283401,0.05263157894736842
9NFU,baseline,"T=0.1,",247,425a0874dc2ac4748bccc518c36564961c12d00dc1ce8db6aacdd7da9c7c1854,0.3643724696356275,0.17408906882591094,0.09716599190283401,0.05263157894736842
9NFU,baseline,"T=0.1,",247,ca8ec38d9b805dfadadbb9db60e89d55ccb9d3cc8be16253c938733f6a0cfd58,0.3562753036437247,0.16194331983805668,0.10121457489878542,0.05263157894736842
9NFU,baseline,"T=0.1,",247,52b4fa8c3b0e5367c2e38904ad53684a70a0bf6c2cb90dc71a31cd0e120b8b2f,0.3562753036437247,0.1700404858299595,0.09716599190283401,0.05263157894736842
9NFU,baseline,"T=0.1,",247,7a5de575d0798bfda8dcde3ac60b68126d448a3236b2c0ade09631e25d81eb73,0.3562753036437247,0.1659919028340081,0.09716599190283401,0.05263157894736842
9NFU,baseline,"T=0.1,",247,f37ffe2ce0fce9beddb1a0433f7e589e4fda51bb1f915b9cb85886954424b233,0.3522267206477733,0.17408906882591094,0.09716599190283401,0.05263157894736842
9NFU,baseline,"T=0.1,",247,58fdcc8f35760748a2eb7aef401722e40e63374671367fad855d6f8fb636c3bc,0.3522267206477733,0.17408906882591094,0.09716599190283401,0.05263157894736842
9NFU,baseline,"T=0.1,",247,36ea1d07c0f619bfc7ad7cf56213095144a03ef041f32301af7a0d75ac462bca,0.3562753036437247,0.1862348178137652,0.09716599190283401,0.05263157894736842
9NFU,baseline,"T=0.1,",247,7b1a06d5e1d8758ddb29d40b37014cc7e6dc9117c9cd5235547c9d0ed320d534,0.3603238866396761,0.16194331983805668,0.09716599190283401,0.05263157894736842
9NFU,baseline,"T=0.1,",247,5b2477c4d411bc617fc903231bf1189c46c812ef92a2fbcc0bc090772709f91d,0.3643724696356275,0.17408906882591094,0.09716599190283401,0.05263157894736842
9NFU,baseline,"T=0.1,",247,e617d585e684b6e5d0624c211afed162fb63a1395bcb003a02ee82f36e1991ec,0.3603238866396761,0.1700404858299595,0.09716599190283401,0.05263157894736842
9NFU,baseline,"T=0.1,",247,b820c693c646150ab4328511218bc12c6024446e582b0d814d39549e289f93d9,0.3603238866396761,0.17813765182186234,0.09716599190283401,0.05263157894736842
9NFU,baseline,"T=0.1,",247,a46582d4e4c8927251736ef147d6a2210c33719de3c99dbb7a342ba02d1ac01e,0.3522267206477733,0.18218623481781376,0.09716599190283401,0.05263157894736842
9NFU,baseline,"T=0.1,",247,ef43ddaf9e8fe4f43b98f87801e79df0bf50c574387ce5d75810f7c584f6d9dd,0.3562753036437247,0.17408906882591094,0.09716599190283401,0.05263157894736842
9NFU,baseline,"T=0.1,",247,92c9c2aaac37469dbb2dd1dcb452b67af6e5bb04fc530d6d278a027737182faf,0.3603238866396761,0.17408906882591094,0.09716599190283401,0.05263157894736842
9NFU,baseline,"T=0.1,",247,8254970ec185cefb989d29117d04e31a481273e4ffd5e2968253ea7649bc5a40,0.3522267206477733,0.17408906882591094,0.09716599190283401,0.05263157894736842
9NFU,baseline,"T=0.1,",247,593a12b6fc84534bcbed73b0d382f88ada873e91808c351e10ee46682f7ed6c6,0.3562753036437247,0.17408906882591094,0.09716599190283401,0.05263157894736842
9NFU,baseline,"T=0.1,",247,8e0b088046bceb59d7f022f34b4d9c31e3ee12b4104bdd00d1a0fa8d278813b8,0.3522267206477733,0.17408906882591094,0.09716599190283401,0.05263157894736842
9NFU,baseline,"T=0.1,",247,34b95bd8f8f425233e3fbdd5007d7b413a0a89d95a13910561d23ac0f525b812,0.3562753036437247,0.1862348178137652,0.09716599190283401,0.05263157894736842
9NFU,baseline,"T=0.1,",247,0baba653d7fe810ed288b7b3046b78d4ddb593a5f7ad2019f60862ebb75dc356,0.3522267206477733,0.17813765182186234,0.09716599190283401,0.05263157894736842
9NFU,baseline,"T=0.1,",247,e67514b23ba766dc3befd8ebf8f9d238c30251580589a4aa4b8e3a2e5fda5b73,0.3603238866396761,0.17408906882591094,0.10121457489878542,0.05263157894736842
9NFU,baseline,"T=0.1,",247,ecd0b63751e9e6295e3849cdd58f5dec745093d65f05d72a8094b2d2fbad8022,0.3603238866396761,0.1700404858299595,0.09716599190283401,0.05263157894736842
9NFU,baseline,"T=0.1,",247,11ca2bb10cc805cd2d3593f41abe84eeb9372ff713ac2d926bb425b19fabcd02,0.3522267206477733,0.18218623481781376,0.09716599190283401,0.05263157894736842
9NFU,baseline,"T=0.1,",247,2a109302082d051cb6c381b6daa87aac30ebabbeaabaa121a1bf2f285f50e5f3,0.3562753036437247,0.1862348178137652,0.09716599190283401,0.048582995951417005
9NFU,baseline,"T=0.1,",247,aa670f85e5abc4e5a9ea1ae4557bcae12ea6d08151f999df5994c5f7c21a8e44,0.3603238866396761,0.1700404858299595,0.09716599190283401,0.05263157894736842
9NFU,baseline,"T=0.1,",247,8c54b1db001dfca03b0ce2a70b80372d1ee7d224973ebc9c5c41d9b7b47da24c,0.3643724696356275,0.15789473684210525,0.09716599190283401,0.05263157894736842
9NFU,baseline,"T=0.1,",247,7acb402f4070b751c5318cb918ca116065d7770d205bac0c6fbfc9087a199c91,0.3603238866396761,0.1902834008097166,0.09716599190283401,0.05263157894736842
9NFU,baseline,"T=0.1,",247,793cd129524d29c14544c158240e9354a1ad0ef49732fef285c642b1927d9a74,0.3603238866396761,0.17408906882591094,0.09716599190283401,0.05263157894736842
9NFU,baseline,"T=0.1,",247,40db5706f7f32df30bf0c03c8ef392739d43b9305184b0664ef3058e2df879b5,0.3562753036437247,0.17813765182186234,0.09716599190283401,0.05263157894736842
9NFU,baseline,"T=0.1,",247,b66939ba77312b2e26263336a3a0e3195fc0be3b1408b9d4eef3b593c9174f29,0.3562753036437247,0.17408906882591094,0.10121457489878542,0.05263157894736842
9NFU,ensemble,9NFU,247,8cc5e4df60a6205167961e64af7f0c825717497af30b34fc1b00f2bd4a832e01,0.3562753036437247,0.1700404858299595,0.0931174089068826,0.048582995951417005
9NFU,ensemble,9NFU,247,ff4b59e7a1336dbff634b00069170ed264c043ebbb013d58af5930d4494e1686,0.3522267206477733,0.1659919028340081,0.09716599190283401,0.048582995951417005
9NFU,ensemble,9NFU,247,49f7de9fdddedfac67ed6bc8fbfeafd8eb2ebe2784e653150cb5246db25b64c0,0.3441295546558704,0.17408906882591094,0.10121457489878542,0.048582995951417005
9NFU,ensemble,9NFU,247,4b4d3013cf9beb610f0227fd09a1f883f4d7d1a8399b0becde8f0aababefe9c0,0.3562753036437247,0.17813765182186234,0.09716599190283401,0.048582995951417005
9NFU,ensemble,9NFU,247,e9ff71c09f30377dfcb993c601b07b663752f8030e1a656e5420d335ccc0a5e7,0.3522267206477733,0.1700404858299595,0.09716599190283401,0.05263157894736842
9NFU,ensemble,9NFU,247,6e4cb5a634578eb197831a8d90510ec45114c9ea9923be3fefbb4ddb44ddb60b,0.3643724696356275,0.16194331983805668,0.0931174089068826,0.05263157894736842
9NFU,ensemble,9NFU,247,b2820c836c0dcc6f9e86f255f87c71019ef383535f8e8d8d691d2c87155fc566,0.3562753036437247,0.1700404858299595,0.08906882591093117,0.05668016194331984
9NFU,ensemble,9NFU,247,a7d6a5d572e7c2d35e46619b52e2cb014bdc44f6d8a97bbcf0ae58f5d506bdd6,0.3522267206477733,0.17408906882591094,0.09716599190283401,0.048582995951417005
9NFU,ensemble,9NFU,247,68686e3de9e60432f4cd8c47addd18eee65e8aa96b871bb2d1a2eb8c46090447,0.3562753036437247,0.17408906882591094,0.08906882591093117,0.05263157894736842
9NFU,ensemble,9NFU,247,a41571f73a153bafe64f6ba564d64d7534a0d582be22bcedef4ecef441295a88,0.3603238866396761,0.1700404858299595,0.0931174089068826,0.044534412955465584
9NFU,ensemble,9NFU,247,a930cae56f6d1cafc8dad0ccb95973cbbc1ed427fba067fcbaede2c6d562146e,0.3522267206477733,0.17408906882591094,0.08906882591093117,0.05263157894736842
9NFU,ensemble,9NFU,247,c4174d3ed9306f19c57b89eb5afc75fb8ded1c49841c3c9135813a557e687938,0.3481781376518219,0.17813765182186234,0.08906882591093117,0.048582995951417005
9NFU,ensemble,9NFU,247,8cb3f8f94d55f15ad75c836fadc05e8d1f7059d6e34f1c2a33e753b239175892,0.3522267206477733,0.17813765182186234,0.0931174089068826,0.05263157894736842
9NFU,ensemble,9NFU,247,4415cb77aa70cc63b4dca4b15319a7602cc2ceb4d8cc46d2dce527d9b7ce081e,0.3562753036437247,0.1700404858299595,0.08906882591093117,0.05263157894736842
9NFU,ensemble,9NFU,247,30775a6c9d645954e59349e43dba966e84ddb303204b8bdd78f6bb1f103b0ac4,0.3522267206477733,0.16194331983805668,0.0931174089068826,0.05668016194331984
9NFU,ensemble,9NFU,247,bb078acc3e35d8b751b57b925943c048bca9c726c255bc8c101ff23aec7040c1,0.3603238866396761,0.16194331983805668,0.08906882591093117,0.048582995951417005
9NFU,ensemble,9NFU,247,5b54f293610f3009685d28e246958c668aba94729b48a9e9360d0997c1273779,0.3481781376518219,0.17408906882591094,0.09716599190283401,0.05263157894736842
9NFU,ensemble,9NFU,247,2c22cc7c89f9acc56d138179f8e2a4db337d6898699d016c18ec96875ea4831d,0.3481781376518219,0.17408906882591094,0.09716599190283401,0.05263157894736842
9NFU,ensemble,9NFU,247,20ba1c87fcfc9a3952bf31f58d4229beab53b6c8677e05b850a166507d360d68,0.3522267206477733,0.1700404858299595,0.10121457489878542,0.05263157894736842
9NFU,ensemble,9NFU,247,4fe01bd752a2b239f5e89734a1b1b14a01f49290cf42dd00aba5749d4e3e46fb,0.3562753036437247,0.1700404858299595,0.08906882591093117,0.05263157894736842
9NFU,ensemble,9NFU,247,2b0d99b50d2e0bc590f306952b54690fd917d48e32ca0ad1c619dce3a62f597b,0.3481781376518219,0.17813765182186234,0.09716599190283401,0.05263157894736842
9NFU,ensemble,9NFU,247,4736a71b95d545dcb6be7e6d22a9d4929a721df322b9abda555be6f7a9cea8e7,0.3522267206477733,0.1659919028340081,0.0931174089068826,0.048582995951417005
9NFU,ensemble,9NFU,247,53222f98b23ed62102cc681155c604b4bf3e8abc40357107bf9b25024657aca0,0.3481781376518219,0.18218623481781376,0.09716599190283401,0.048582995951417005
9NFU,ensemble,9NFU,247,f4761826a2524f48b44be1ec633e291ad0c45c3e6ad667bf05755a24680938d1,0.3562753036437247,0.17408906882591094,0.09716599190283401,0.048582995951417005
9NFU,ensemble,9NFU,247,4cece521997368928981c367f5c365cdc6d9d1770d43c998798dbe26a507ba32,0.3562753036437247,0.17408906882591094,0.09716599190283401,0.048582995951417005
9NFU,ensemble,9NFU,247,8fac02f86dcb53a5eee2629fa01e803f18ccdd629d8183b16af3c7c8a43dd6fb,0.3522267206477733,0.17408906882591094,0.09716599190283401,0.05263157894736842
9NFU,ensemble,9NFU,247,13c27a0054b09f7cea8a1cc9ea998619b34954b7782f6b38b722f810405c70a0,0.3643724696356275,0.1700404858299595,0.08906882591093117,0.05263157894736842
9NFU,ensemble,9NFU,247,606620f89db6e47f2387f25bb0dbd34c5a91cd8e254939b5b290ee867896bbd4,0.3522267206477733,0.17408906882591094,0.09716599190283401,0.05263157894736842
9NFU,ensemble,9NFU,247,1dce15416a392f1aead892e6eca49e14f46bf14646fb97d77c2ac272d45d3ddc,0.3522267206477733,0.1700404858299595,0.0931174089068826,0.048582995951417005
9NFU,ensemble,9NFU,247,6035680ffbf5d76a1bb0699d447b13e66192ce928908ae91e951fe6e9833f3fc,0.3481781376518219,0.17408906882591094,0.0931174089068826,0.048582995951417005
9NFU,ensemble,9NFU,247,b960fdd729bb539324124553199a596d54017549783a97d9e297a0fc1b87c7f8,0.340080971659919,0.18218623481781376,0.09716599190283401,0.05263157894736842
9NFU,ensemble,9NFU,247,67f03d21020b1ea1037ab3836139c78a546b800f59dd903fe50aac6a046b733b,0.3522267206477733,0.1700404858299595,0.09716599190283401,0.05263157894736842
9NFU,ensemble,9NFU,247,c89f7a1cd4b5ca544a87577c0876515366633f649308ab8399ab0123ab006fad,0.3562753036437247,0.1700404858299595,0.09716599190283401,0.048582995951417005
9NFU,ensemble,9NFU,247,c07e92ba612e2481fde313de8893f4e6844e71b188db03a79ea1f2c8e44a9f72,0.3562753036437247,0.17408906882591094,0.08906882591093117,0.05263157894736842
9NFU,ensemble,9NFU,247,4b68215b489d6e02b9da2a0f2788ad37985ec998cc4f3b795594be532ad13db3,0.3562753036437247,0.1700404858299595,0.08906882591093117,0.05263157894736842
9NFU,ensemble,9NFU,247,db6b145540e2ab77e332c404f3b1a05399804948bb7b65539cd4ac5c8c1b7f80,0.3481781376518219,0.1659919028340081,0.0931174089068826,0.05263157894736842
9NFU,ensemble,9NFU,247,b6a0b6c7673d117d03e7d2fbdf79348c864586231d43c620f5e2bb22a98afd11,0.3441295546558704,0.18218623481781376,0.09716599190283401,0.05263157894736842
9NFU,ensemble,9NFU,247,3bfa54d5f620e9869ca23a193a46c43a5e1c33f1af949780cfae2eff019b7c48,0.3522267206477733,0.15384615384615385,0.0931174089068826,0.048582995951417005
9NFU,ensemble,9NFU,247,e5d136805339d22d775787e21bca853b6c9452b36a1efd9297426c1eec41d151,0.3522267206477733,0.17408906882591094,0.09716599190283401,0.05263157894736842
9NFU,ensemble,9NFU,247,3dbbcc66ec10726042f9f046654e1075ba767e75362039910c3926d0096c5a5f,0.3603238866396761,0.17408906882591094,0.08906882591093117,0.05263157894736842
9NFU,ensemble,9NFU,247,be5ac6e0248384f7e6e20593a8aca6fc297034245faf0e76bb44590671f2b319,0.3522267206477733,0.1700404858299595,0.09716599190283401,0.048582995951417005
9NFU,ensemble,9NFU,247,15fbf0c5394012da0f306cc3331ed858704e2e438e83707f555fcbfc92e052ce,0.3522267206477733,0.17813765182186234,0.0931174089068826,0.05263157894736842
9NFU,ensemble,9NFU,247,9819c193b4deffb391362ab458fd284fbe97a97acde3a23953c058b5c7a1afed,0.3603238866396761,0.17813765182186234,0.0931174089068826,0.048582995951417005
9NFU,ensemble,9NFU,247,dbd02d4ad9919c2e02b875891b2ab5b12e045482b0343c783d47fd485a4db782,0.3562753036437247,0.1659919028340081,0.09716599190283401,0.048582995951417005
9NFU,ensemble,9NFU,247,3eb25826a314e01dea7a9dd4b81e56e77081629c2e6d9e08ba6961966a45f1c9,0.3522267206477733,0.17813765182186234,0.08906882591093117,0.05263157894736842
9NFU,ensemble,9NFU,247,7a1b76177e95b0ee5a64fe4a01a83159a622c8a037280fa17387a8fcb3267168,0.3481781376518219,0.1902834008097166,0.0931174089068826,0.05263157894736842
9NFU,ensemble,9NFU,247,489fcbc56e80034865153f9296e6b872af9fc03f5bebe9dcb6c189e2225cdf7f,0.3562753036437247,0.1700404858299595,0.08906882591093117,0.05263157894736842
9NFU,ensemble,9NFU,247,a7ac51c1b76617c401a752bb1d5c9284348117fa2ba542be78db80017873c3d3,0.3522267206477733,0.17813765182186234,0.09716599190283401,0.05263157894736842
9NFU,ensemble,9NFU,247,e5a8ab51176fa4ea19e20f76ceac176cd70edd9b06692a40be1a24b2d78e975b,0.3562753036437247,0.1659919028340081,0.0931174089068826,0.048582995951417005
9NFU,ensemble,9NFU,247,11bf1e399bec26311eb8e1239ae5006d1e3326ae3ffa4376f0e0c2c97c673caa,0.340080971659919,0.1659919028340081,0.10121457489878542,0.048582995951417005
9NFU,ensemble,9NFU,247,5334ed03e1fb4d32509778d1b092a8537308e35732d7264743e7c4ada6bb5bbb,0.3441295546558704,0.18218623481781376,0.0931174089068826,0.05263157894736842
9NFU,ensemble,9NFU,247,3918ddd1c17bc1b5e203f5c87b89eb83cbae07e8831780dc9ca365dc43f50202,0.3481781376518219,0.1700404858299595,0.09716599190283401,0.048582995951417005
9NFU,ensemble,9NFU,247,01aecd7f7699b1bdb812287365f086251249c2e8a5fc8b957126f0941b76e0e4,0.3522267206477733,0.17408906882591094,0.0931174089068826,0.05668016194331984
9NFU,ensemble,9NFU,247,4746f43d429d6fd263fd9fa720b1b46a03a1a6e6349ab05dd68a8d046a5c474d,0.3562753036437247,0.17408906882591094,0.0931174089068826,0.044534412955465584
9NFU,ensemble,9NFU,247,e8c099494c7792c926cfd1430ee5477eb0f55369929211999ebbeec78939d235,0.3481781376518219,0.17813765182186234,0.09716599190283401,0.048582995951417005
9NFU,ensemble,9NFU,247,3da3391e8bda079aef6edfeeac7cc06e5fe35d742c3c9b75604724106134d79e,0.3522267206477733,0.1700404858299595,0.0931174089068826,0.048582995951417005
9NFU,ensemble,9NFU,247,0d68da043a876028b470339f5668ee583579f49d2905dd0948d89b2fd1b48f78,0.3522267206477733,0.18218623481781376,0.0931174089068826,0.05263157894736842
9NFU,ensemble,9NFU,247,76a7200295eaacf5cbb05617a07b4fd1b6ad4fde1acba5004e647b5c6a5d797e,0.3522267206477733,0.1700404858299595,0.09716599190283401,0.048582995951417005
9NFU,ensemble,9NFU,247,06ec2e08661b0a3ae13427646223b1a0b5718252bdc0453209d8359a211895ef,0.3481781376518219,0.16194331983805668,0.10121457489878542,0.05263157894736842
9NFU,ensemble,9NFU,247,423a3db2da2a452ac4504450427e928e1c941a926ed5a6cb91bb82627fe6689a,0.3562753036437247,0.1659919028340081,0.09716599190283401,0.05263157894736842
9NFU,ensemble,9NFU,247,18c73278d3aa0cfcb2da7a2afe48d98429f20dfbb25c3e08d2921a1895c13d07,0.3481781376518219,0.18218623481781376,0.09716599190283401,0.05263157894736842
9NFU,ensemble,9NFU,247,fded767ae91fcfd1e5baa9ba7a658e55e79f1d7393b1122ebc4edb7b2087f126,0.3441295546558704,0.18218623481781376,0.0931174089068826,0.05263157894736842
9NFU,ensemble,9NFU,247,cc2085728fe978fbf65dc5eeb3cc80de1520aafedb5e538004693c0c24858dea,0.340080971659919,0.17408906882591094,0.10121457489878542,0.048582995951417005
9NFU,ensemble,9NFU,247,ef85059981dd301b9343fd0fba2a3448f273badf2b946890f4742fda610c7825,0.3562753036437247,0.1700404858299595,0.08906882591093117,0.05263157894736842
9NFU,ensemble,9NFU,247,d594a10f22e7f04c3c7a78a6daed4f2ce7285a06f6d26eb980c9c0ae49f31339,0.3481781376518219,0.1700404858299595,0.09716599190283401,0.048582995951417005
9NFU,ensemble,9NFU,247,5678f24f7e41b438feafa43461a6e8c966e978e5489b1b91a5b542c96fb2e7f8,0.3522267206477733,0.17813765182186234,0.08906882591093117,0.05263157894736842
9NFU,ensemble,9NFU,247,10cf3ed6604c6ed69c4dc743e49952098c2b4da50ade1743301bc71b4b1d3d07,0.3522267206477733,0.17813765182186234,0.10121457489878542,0.044534412955465584
9NFU,ensemble,9NFU,247,140f6b90e82030f52b8120351011a74c501632fdfb41f71b8fbb8437f692d5a3,0.3481781376518219,0.18218623481781376,0.08906882591093117,0.05263157894736842
9NFU,ensemble,9NFU,247,f8e4baed2c16251bf256783f188b151ebdc04e5d42ea56c61f3fc04f187ff632,0.3522267206477733,0.1659919028340081,0.09716599190283401,0.044534412955465584
9NFU,ensemble,9NFU,247,0515e1cc6f0f76eddaf28b64d67813a9d7828d6817c2b6c1162af2d3fc2e60a2,0.3643724696356275,0.17408906882591094,0.0931174089068826,0.048582995951417005
9NFU,ensemble,9NFU,247,ca93932f0a614bfbce00f6113c2d0ac55dcd9c2068d40d61aa14420501d3766f,0.3522267206477733,0.17408906882591094,0.08906882591093117,0.048582995951417005
9NFU,ensemble,9NFU,247,cb3b1f7d97da09b1bb77948ef0f8ff34ce912ee442969a71d020264a83eecdc4,0.3441295546558704,0.17813765182186234,0.0931174089068826,0.05263157894736842
9NFU,ensemble,9NFU,247,4b8aac4c629c30158a2536b636876750d579269ee0be95a50f88531dffb6aafa,0.3522267206477733,0.17408906882591094,0.09716599190283401,0.05263157894736842
9NFU,ensemble,9NFU,247,ae7a46ddfab27ab81064e9e1b65bfbb8bebd3a542b2cbe442c36d1fc465a28e0,0.3562753036437247,0.1700404858299595,0.09716599190283401,0.05668016194331984
9NFU,ensemble,9NFU,247,7cb33353213bd1d6e25f2009a4fb2cf7af16efcc00507b13ad4b524f9a0abd95,0.3562753036437247,0.17408906882591094,0.0931174089068826,0.048582995951417005
9NFU,ensemble,9NFU,247,95b9967dce07aefba324a83372c6aeddd6922607b5480345b806c70eee7d4784,0.3562753036437247,0.1659919028340081,0.0931174089068826,0.05263157894736842
9NFU,ensemble,9NFU,247,40777930c0a201cfc42f44f5f117fe3b8b8634b6ccb0f4e2c7c088961ac8b39d,0.3603238866396761,0.1659919028340081,0.0931174089068826,0.048582995951417005
9NFU,ensemble,9NFU,247,88a15077d27b07003a790b22121ee74a618eb82ec6a2fd16f060abbe77a91844,0.3481781376518219,0.17813765182186234,0.09716599190283401,0.048582995951417005
9NFU,ensemble,9NFU,247,5de7949b84ee49a69dfe8f4da0e0a11724766474ca74cb663bc93616c67ee934,0.3481781376518219,0.17408906882591094,0.0931174089068826,0.05263157894736842
9NFU,ensemble,9NFU,247,3cc1f9c663290ba246cb619f88dca7892ed4d47ac3b475ff245e17a535096888,0.3481781376518219,0.1862348178137652,0.09716599190283401,0.048582995951417005
9NFU,ensemble,9NFU,247,e7486459c1dbf55a8665fbad62b90c1785261f140dc7a24c4a19c49e609a396e,0.3562753036437247,0.1700404858299595,0.0931174089068826,0.05263157894736842
9NFU,ensemble,9NFU,247,9064d0533c56f390774115c4bba693d9fcd8d62b758e350367b48cbd382e8edf,0.3522267206477733,0.18218623481781376,0.08906882591093117,0.05263157894736842
9NFU,ensemble,9NFU,247,20884b820cb07156a360777fe6697bf2c6ca4b285cdf64e4c33f60ee661c5f6d,0.3603238866396761,0.1659919028340081,0.09716599190283401,0.048582995951417005
9NFU,ensemble,9NFU,247,d4afa4ef84bce719bcf6c5af92495570561254e7bcec7465ae0b6155abecd38b,0.3643724696356275,0.1700404858299595,0.0931174089068826,0.048582995951417005
9NFU,ensemble,9NFU,247,9b88bd69d9d7253484122712468967d4f4bf4a95ad013b2e3735ad68cd1e15d9,0.3481781376518219,0.17408906882591094,0.0931174089068826,0.048582995951417005
9NFU,ensemble,9NFU,247,d87b6f7b7916e3e480c171464486e9cbff57e3e4d9029a06a6d18506f3b8b5f8,0.3562753036437247,0.1700404858299595,0.10121457489878542,0.044534412955465584
9NFU,ensemble,9NFU,247,9cc572c1de5d97c68c3550c2b43e180f5c1426776cf112ae7c379499c0edd3cb,0.3603238866396761,0.17813765182186234,0.0931174089068826,0.048582995951417005
9NFU,ensemble,9NFU,247,35300e978721fb5e7c38f155fbfa5bf6345e2436df5e7b4c24b06d227d1e2a06,0.3441295546558704,0.17813765182186234,0.10931174089068826,0.048582995951417005
9NFU,ensemble,9NFU,247,767a7a12abfb95a2d08498655e6342c616ded3e7415a0fd20ee9989cde523a71,0.3481781376518219,0.17813765182186234,0.09716599190283401,0.048582995951417005
9NFU,ensemble,9NFU,247,ba903459ddaddecf2b6bf7fa29e7416185df1a1f166ee26259c080b33f8de4f3,0.3562753036437247,0.17813765182186234,0.0931174089068826,0.048582995951417005
9NFU,ensemble,9NFU,247,21316d578f41844bd645f050ea21f7b2663f20158447882bfa261be72929279d,0.3603238866396761,0.1700404858299595,0.09716599190283401,0.048582995951417005
9NFU,ensemble,9NFU,247,690d4cfd962e5003f4328a154e38f4917592f013f9abe17a4f97fe27eb798252,0.3481781376518219,0.18218623481781376,0.0931174089068826,0.05263157894736842
9NFU,ensemble,9NFU,247,06d4e26bfa7c6968895a5fef64eaf5e05616f3b7306b3fae9b781c15406293d1,0.3603238866396761,0.16194331983805668,0.10121457489878542,0.05263157894736842
9NFU,ensemble,9NFU,247,cc240088d86e153e7e048093a3281223e7f2adbcb04fdb9df920e63c820a342e,0.3562753036437247,0.1700404858299595,0.09716599190283401,0.048582995951417005
9NFU,ensemble,9NFU,247,5e272ebaeeafca4b41305888bc49385cc97caa0a8d1ac074711fbdbb810cd8d3,0.3562753036437247,0.17408906882591094,0.08906882591093117,0.05263157894736842
9NFU,ensemble,9NFU,247,5efa72b8a5176377275957d8c5e61987037616d81a6ae2b5139eff71d87cc055,0.3603238866396761,0.1659919028340081,0.0931174089068826,0.05263157894736842
9NFU,ensemble,9NFU,247,acad42996c8a466e0037e11981b2b83093d9e2332b9a7cc347f919c57132c5ce,0.3522267206477733,0.17813765182186234,0.09716599190283401,0.044534412955465584
9NFU,ensemble,9NFU,247,ccdcef220d00494cb46c77bf0182ece870564b4ea3da47e871d48134d50df799,0.3522267206477733,0.17408906882591094,0.09716599190283401,0.044534412955465584
9NFU,ensemble,9NFU,247,0a1c2d43b338b2c4ff3d25af7fafffb423bdba764c5e9fa4b1b26a9c286cf437,0.3481781376518219,0.17813765182186234,0.10121457489878542,0.05263157894736842
9NFU,ensemble,9NFU,247,3aa439292516ca9d5fe1b017f63b077aee1d2644178afc82dd1f5a1240e5a874,0.3441295546558704,0.18218623481781376,0.09716599190283401,0.048582995951417005
9NH7,baseline,"T=0.1,",115,9f05ebd329efdbdaa338c95664c0244c1d93560a4fecb6cf5e352d4bcf575451,0.40869565217391307,0.13043478260869565,0.11304347826086956,0.034782608695652174
9NH7,baseline,"T=0.1,",115,ca00162d10dde945045361c87e1d1459dffe2ca7972b51953910f55cf5b5c48b,0.41739130434782606,0.1391304347826087,0.11304347826086956,0.02608695652173913
9NH7,baseline,"T=0.1,",115,6637419ef464e8f3883a6d918cd1d41daaf01902fdaa189a0193a9f9ea0626fa,0.40869565217391307,0.14782608695652175,0.11304347826086956,0.02608695652173913
9NH7,baseline,"T=0.1,",115,f63877e2c531bbdf4061567b250aa89a5291d5c905d7a028794c2c2f35edae24,0.4,0.14782608695652175,0.11304347826086956,0.02608695652173913
9NH7,baseline,"T=0.1,",115,97174f3d3be37b1e2d8031cfd5865fe991886f8ebb295193e46904f7dc31f12c,0.40869565217391307,0.14782608695652175,0.11304347826086956,0.02608695652173913
9NH7,baseline,"T=0.1,",115,32413e016d854dc5097b4de147cb7bb00c11e419c44bf9023ef73cc60ae7afe5,0.40869565217391307,0.14782608695652175,0.11304347826086956,0.02608695652173913
9NH7,baseline,"T=0.1,",115,c72895518501d8874ae13f550ab2c80bd2b64b7d1a31430360153e39c238594d,0.40869565217391307,0.1391304347826087,0.11304347826086956,0.02608695652173913
9NH7,baseline,"T=0.1,",115,d2f94039832d87fa340102001290ad8414ce3d35b4f421722c0ac361e5881160,0.40869565217391307,0.16521739130434782,0.11304347826086956,0.02608695652173913
9NH7,baseline,"T=0.1,",115,1ce0f6d1963a7ec96627b98ef463d63a1ee071dcaa00c9a2b0675b2d85c72f7c,0.40869565217391307,0.1391304347826087,0.11304347826086956,0.02608695652173913
9NH7,baseline,"T=0.1,",115,270882e1f3396e9cf3231356d5f5d355af17683342525e37e10f517f8e4c8819,0.40869565217391307,0.1565217391304348,0.11304347826086956,0.02608695652173913
9NH7,baseline,"T=0.1,",115,23b81c837f0786052c6b5785295edab0ce8ee903cd130500f4e812ce5fe5d7d9,0.40869565217391307,0.1565217391304348,0.11304347826086956,0.02608695652173913
9NH7,baseline,"T=0.1,",115,448d9a5040271390e0a4fcd13decf5a08ae1b4e2580eab37420aca05925ba845,0.4,0.14782608695652175,0.11304347826086956,0.02608695652173913
9NH7,baseline,"T=0.1,",115,ee44a01631bb60cafbfbc0a9fe30cfea5498ea25f9773afdae556052687aff7c,0.40869565217391307,0.1391304347826087,0.11304347826086956,0.02608695652173913
9NH7,baseline,"T=0.1,",115,f401353a6e094e44b1b14562aa2580efed20f088df208db35daa205698678ec6,0.41739130434782606,0.14782608695652175,0.11304347826086956,0.02608695652173913
9NH7,baseline,"T=0.1,",115,1caba65e808a5a185720a0066c8efaa4d44cde25398f0995da30178bd14507fe,0.40869565217391307,0.1391304347826087,0.11304347826086956,0.034782608695652174
9NH7,baseline,"T=0.1,",115,ac131ab7332d9f785de8e8272f19b739a9cba23c8c191db64a0ccd6b9a69431a,0.41739130434782606,0.1565217391304348,0.11304347826086956,0.017391304347826087
9NH7,baseline,"T=0.1,",115,2db24271dce13230370db8e15190291c965c20e22040873e23cb666c72e89226,0.40869565217391307,0.14782608695652175,0.11304347826086956,0.02608695652173913
9NH7,baseline,"T=0.1,",115,0a70ba4930ca8cd72c8f21c668a5eba88f3ac3cdb56f163c7303cf50538fa1ca,0.41739130434782606,0.14782608695652175,0.11304347826086956,0.02608695652173913
9NH7,baseline,"T=0.1,",115,956f2aa609cdd86c73305947e79dab17986748c3a5bcfbc9420fa87707881b5f,0.40869565217391307,0.1391304347826087,0.11304347826086956,0.034782608695652174
9NH7,baseline,"T=0.1,",115,9cda06c528aff2d206768381f47708b9706af473fcd30522b0ce84ef6e722b8f,0.41739130434782606,0.1565217391304348,0.11304347826086956,0.017391304347826087
9NH7,baseline,"T=0.1,",115,0599aab9debd9b3bdd34ff41cd20409cbab3e71d762ef0ee8ace12e720dbcbed,0.4,0.1391304347826087,0.11304347826086956,0.034782608695652174
9NH7,baseline,"T=0.1,",115,d376a5eef0dd3b2b9cce5dd55d33296d884bff851b023b471557d1c827c8c88d,0.4,0.16521739130434782,0.11304347826086956,0.017391304347826087
9NH7,baseline,"T=0.1,",115,27c8c16ff98fd24210cb3aa2f9bb95fd11fc51faa35f2f0d2278680e583f1bd8,0.4,0.14782608695652175,0.11304347826086956,0.02608695652173913
9NH7,baseline,"T=0.1,",115,f1206db02952193ca11a1f573b329afd7d99d03ffb7e9b97a1e8e6ad35de98e1,0.40869565217391307,0.14782608695652175,0.11304347826086956,0.02608695652173913
9NH7,baseline,"T=0.1,",115,be2cdeb5a4d05c82c36f1b06fcb5eb553b2b1fa4c8de403b0216a1aa677be9b0,0.40869565217391307,0.1391304347826087,0.11304347826086956,0.02608695652173913
9NH7,baseline,"T=0.1,",115,e5301aa8a1323fb58737510c832bfd29b642ea1f218a81452fe4d0c0ae9b6669,0.40869565217391307,0.13043478260869565,0.11304347826086956,0.034782608695652174
9NH7,baseline,"T=0.1,",115,2d0e87c9888ca09f5a37c86a79d584264be792cdec0f9e8fe0d47d3539ea2f12,0.4,0.14782608695652175,0.11304347826086956,0.02608695652173913
9NH7,baseline,"T=0.1,",115,008115ebdeabbe0bd12ac9cd66352903d7e8c357384935297fc1c70e46014540,0.40869565217391307,0.1565217391304348,0.11304347826086956,0.017391304347826087
9NH7,baseline,"T=0.1,",115,7257879485960f36b89cefbbc37177b5776d2e4147f69d8f59106256c2bdf788,0.40869565217391307,0.1391304347826087,0.11304347826086956,0.02608695652173913
9NH7,baseline,"T=0.1,",115,0bdb8ff0c95eaeb278a6327fda0f66b2b04ab76894d2e7f3cf75388817bef3ba,0.40869565217391307,0.1391304347826087,0.11304347826086956,0.02608695652173913
9NH7,baseline,"T=0.1,",115,9e30e65afdeea392454980ceb45c2035e724921f1c9ab12eb3f4caa0d40723df,0.4,0.1565217391304348,0.11304347826086956,0.02608695652173913
9NH7,baseline,"T=0.1,",115,9f23ce61fd9ff099d11be13c719384230638fb425fdbc7803d6c71fcac216707,0.40869565217391307,0.1391304347826087,0.11304347826086956,0.02608695652173913
9NH7,baseline,"T=0.1,",115,c72895518501d8874ae13f550ab2c80bd2b64b7d1a31430360153e39c238594d,0.40869565217391307,0.1391304347826087,0.11304347826086956,0.02608695652173913
9NH7,baseline,"T=0.1,",115,753b6b886337f6d8a8b4b38a6a1141dd5bd7a0923c035a86e39a2457d2573f99,0.40869565217391307,0.1391304347826087,0.11304347826086956,0.02608695652173913
9NH7,baseline,"T=0.1,",115,1cbb67c5dd0420e0ff888d1ae2884643768e46ac764cbd74b808e689ed02c2d6,0.40869565217391307,0.1391304347826087,0.11304347826086956,0.02608695652173913
9NH7,baseline,"T=0.1,",115,74a9e9bbfb4c02c509fc4fbd1e1515b14d132f08779e1afd55c470446c65303f,0.41739130434782606,0.1565217391304348,0.11304347826086956,0.02608695652173913
9NH7,baseline,"T=0.1,",115,ec8de28899cc1630f8066cd18e0733e64b0249383fe1324309a6525f42d8c7de,0.4,0.16521739130434782,0.11304347826086956,0.017391304347826087
9NH7,baseline,"T=0.1,",115,82d0792af31477a2af8a54b29cd47c8f619206503c860468365efde8df92e7e7,0.391304347826087,0.12173913043478261,0.11304347826086956,0.034782608695652174
9NH7,baseline,"T=0.1,",115,27c8c16ff98fd24210cb3aa2f9bb95fd11fc51faa35f2f0d2278680e583f1bd8,0.4,0.14782608695652175,0.11304347826086956,0.02608695652173913
9NH7,baseline,"T=0.1,",115,3307ceb273fbccfd3e8c1059dba65cff115d9ddf92f45f1b1cf91cbe8eb8943d,0.4,0.1391304347826087,0.11304347826086956,0.034782608695652174
9NH7,baseline,"T=0.1,",115,06e74105939c1bc421346436a894c861aab290a7fdf0195c67069bb242f73b63,0.40869565217391307,0.1391304347826087,0.11304347826086956,0.02608695652173913
9NH7,baseline,"T=0.1,",115,87c3224678cf369ea66d410b16a5effb9fef24bf7447d1137d5caef2a72f25a7,0.41739130434782606,0.1391304347826087,0.11304347826086956,0.02608695652173913
9NH7,baseline,"T=0.1,",115,55daf2184a94b8284aaacc8bae6f632d5b611124d0d13546f76b6ca371469ac1,0.40869565217391307,0.1391304347826087,0.11304347826086956,0.02608695652173913
9NH7,baseline,"T=0.1,",115,0ea1684b2a85df80cb1dde624a1d79207c11162e94184c5610756b11aab8a2a2,0.40869565217391307,0.1565217391304348,0.11304347826086956,0.02608695652173913
9NH7,baseline,"T=0.1,",115,971e83d3e06af93f3738baffc86e2f198fce0463c194b6ad130e3ece5c0bc15a,0.4,0.1565217391304348,0.11304347826086956,0.017391304347826087
9NH7,baseline,"T=0.1,",115,e20b2ec36780cec11d48c6f282412ea9123354ebfc65f21c2fb05a26f94cd231,0.4,0.1565217391304348,0.11304347826086956,0.02608695652173913
9NH7,baseline,"T=0.1,",115,4e0f25f0dbde202143ecd0181cf29ed115a098bd8a52e6984d179f7f53e32a6f,0.40869565217391307,0.13043478260869565,0.11304347826086956,0.034782608695652174
9NH7,baseline,"T=0.1,",115,48926b81fec91ae06220b43a2a6ab9ec7793e16d42173f0457520aef80bb5cc7,0.4,0.1391304347826087,0.11304347826086956,0.034782608695652174
9NH7,baseline,"T=0.1,",115,f1206db02952193ca11a1f573b329afd7d99d03ffb7e9b97a1e8e6ad35de98e1,0.40869565217391307,0.14782608695652175,0.11304347826086956,0.02608695652173913
9NH7,baseline,"T=0.1,",115,c72895518501d8874ae13f550ab2c80bd2b64b7d1a31430360153e39c238594d,0.40869565217391307,0.1391304347826087,0.11304347826086956,0.02608695652173913
9NH7,baseline,"T=0.1,",115,e4d533c0e895936bba8045cbf20b1cf626e7d117e1da04fc5ebb170abe79e78a,0.40869565217391307,0.1565217391304348,0.11304347826086956,0.02608695652173913
9NH7,baseline,"T=0.1,",115,3a0a370c0e33dfeb8476d6777ea1fb9b52a15b50dc7c7537ffbbac937e636964,0.40869565217391307,0.14782608695652175,0.11304347826086956,0.02608695652173913
9NH7,baseline,"T=0.1,",115,97174f3d3be37b1e2d8031cfd5865fe991886f8ebb295193e46904f7dc31f12c,0.40869565217391307,0.14782608695652175,0.11304347826086956,0.02608695652173913
9NH7,baseline,"T=0.1,",115,77c299caf93471c3e4941364b02b04454ede188f98b5eea1ba81c594779bd288,0.41739130434782606,0.1391304347826087,0.11304347826086956,0.034782608695652174
9NH7,baseline,"T=0.1,",115,e05609a19ccc172ced4f3364c2efd5c73ce8aea8d9904da2c6abccbd092b3fca,0.41739130434782606,0.13043478260869565,0.11304347826086956,0.02608695652173913
9NH7,baseline,"T=0.1,",115,6d6aa349481533ac8c360ac4f299b3bda66c751710e95c052e14e83178a4124f,0.41739130434782606,0.1391304347826087,0.11304347826086956,0.02608695652173913
9NH7,baseline,"T=0.1,",115,3d2f3597a95b94a27f11a2636295961ab2842e2f7417327410eac144b8020b23,0.41739130434782606,0.1391304347826087,0.11304347826086956,0.034782608695652174
9NH7,baseline,"T=0.1,",115,34a85b8e1ec6c87aed1b65e006cee29848180a409c28419dfa90853e2ffa602d,0.4,0.1565217391304348,0.11304347826086956,0.02608695652173913
9NH7,baseline,"T=0.1,",115,cdfa68e69a41474f571136a6b6c807102d1add768ac608f9103978061a0a7c6a,0.40869565217391307,0.1565217391304348,0.11304347826086956,0.017391304347826087
9NH7,baseline,"T=0.1,",115,15b77f6ba91d8f3d25e35886acb3e7b1515615dd9cbeaab4eeeadb309a02dd06,0.40869565217391307,0.14782608695652175,0.11304347826086956,0.02608695652173913
9NH7,baseline,"T=0.1,",115,5d04d22e48cd0f0e5f5e8621016fce211cd8d0a3e770f4e8a67848e55351f4d9,0.40869565217391307,0.14782608695652175,0.11304347826086956,0.017391304347826087
9NH7,baseline,"T=0.1,",115,1caba65e808a5a185720a0066c8efaa4d44cde25398f0995da30178bd14507fe,0.40869565217391307,0.1391304347826087,0.11304347826086956,0.034782608695652174
9NH7,baseline,"T=0.1,",115,f2d22226ad1d279ef74c5593c9669e9dc50e718300ada55afd009015c6b8369a,0.4,0.14782608695652175,0.11304347826086956,0.02608695652173913
9NH7,baseline,"T=0.1,",115,4e1f17c59b1dc98b322a7a22e2bfd0e34575a6e06b770fea8875445f814e99bd,0.4,0.13043478260869565,0.11304347826086956,0.034782608695652174
9NH7,baseline,"T=0.1,",115,753b6b886337f6d8a8b4b38a6a1141dd5bd7a0923c035a86e39a2457d2573f99,0.40869565217391307,0.1391304347826087,0.11304347826086956,0.02608695652173913
9NH7,baseline,"T=0.1,",115,39176b8bc90c75dc31961d96df4394236f57250b5cf13767f548bbdd99d098be,0.4,0.1565217391304348,0.11304347826086956,0.02608695652173913
9NH7,baseline,"T=0.1,",115,3b163defc5e099bd55840c54c3b0713d1bd357d91c237b05be6f6999b426ba57,0.4,0.14782608695652175,0.11304347826086956,0.02608695652173913
9NH7,baseline,"T=0.1,",115,5f796b9bd4364f90e3c245a9b263bed983f8659bc712df8686ed3f2af4eeca7e,0.4,0.1565217391304348,0.11304347826086956,0.02608695652173913
9NH7,baseline,"T=0.1,",115,53c4b6f9696f406b1532c1e218acc73b5da61d170907a1eccb30252c247a74f6,0.40869565217391307,0.14782608695652175,0.11304347826086956,0.02608695652173913
9NH7,baseline,"T=0.1,",115,b6f5f2998bfebf4fdc7c1449485e208b264b291fad553d61a04112c3b01f4b66,0.41739130434782606,0.16521739130434782,0.11304347826086956,0.017391304347826087
9NH7,baseline,"T=0.1,",115,112f62f4fe021d6645b0382f256bb72c4f6b2d4a111f83d9bb1f6ec10683f863,0.4,0.1565217391304348,0.11304347826086956,0.02608695652173913
9NH7,baseline,"T=0.1,",115,05c41ada46d251a86a20f0b7faac79b0641e497bac394373b22f11a8c5d0a608,0.4,0.14782608695652175,0.11304347826086956,0.02608695652173913
9NH7,baseline,"T=0.1,",115,5ce655ddca2ce2ca619aafb9fd36139150a52d1be9e663344abc6a7950a98707,0.4,0.1565217391304348,0.11304347826086956,0.02608695652173913
9NH7,baseline,"T=0.1,",115,3b27c7d469468411bd81d3909f5265ddb82e5482ace67eca04e7f6c2a3c2f1cd,0.4,0.1565217391304348,0.11304347826086956,0.02608695652173913
9NH7,baseline,"T=0.1,",115,92c993971b94dcf25d19f8474cc5543bbb2592b1ee92f09715d46a8c1c0f48ca,0.4,0.1391304347826087,0.11304347826086956,0.02608695652173913
9NH7,baseline,"T=0.1,",115,29db69ae4145533c7b4a81edfb7425ab8fa733b7bae198f1d15f10d8e336f96d,0.4,0.14782608695652175,0.11304347826086956,0.02608695652173913
9NH7,baseline,"T=0.1,",115,34de1cacbc2cb044a3f1711235aa7fa0294858711fc546acc0df01efeba82323,0.40869565217391307,0.1565217391304348,0.11304347826086956,0.02608695652173913
9NH7,baseline,"T=0.1,",115,39176b8bc90c75dc31961d96df4394236f57250b5cf13767f548bbdd99d098be,0.4,0.1565217391304348,0.11304347826086956,0.02608695652173913
9NH7,baseline,"T=0.1,",115,e9064ac6d48c4c9b465120850789777664cc55d5b524e1349a1a694cbe25a9b6,0.4,0.14782608695652175,0.11304347826086956,0.02608695652173913
9NH7,baseline,"T=0.1,",115,d6e6b4d1b123e96a1bd616d01487c6951a5d7899bbf46f55354cf4cd9f0cb6b4,0.41739130434782606,0.14782608695652175,0.11304347826086956,0.02608695652173913
9NH7,baseline,"T=0.1,",115,bd52af4173248ebedb8b4fec4b33522c6004fb1570cb81bfadcc12d19c68ec12,0.40869565217391307,0.1565217391304348,0.11304347826086956,0.02608695652173913
9NH7,baseline,"T=0.1,",115,f1206db02952193ca11a1f573b329afd7d99d03ffb7e9b97a1e8e6ad35de98e1,0.40869565217391307,0.14782608695652175,0.11304347826086956,0.02608695652173913
9NH7,baseline,"T=0.1,",115,ed1126bdd17534909b81ed84f42820d72e3df6fa912d39112cc3a20b1c4866f2,0.4,0.14782608695652175,0.11304347826086956,0.02608695652173913
9NH7,baseline,"T=0.1,",115,6ed93a7f1a915f4f3f870b5bcafeb56892248c9692d9b456b04c8875ed0eb7b1,0.40869565217391307,0.1391304347826087,0.11304347826086956,0.02608695652173913
9NH7,baseline,"T=0.1,",115,ddd15c888c08a65c54a632548b548c4a7c74e3b5e38768f60d81473a9d34f2b6,0.4,0.1391304347826087,0.11304347826086956,0.02608695652173913
9NH7,baseline,"T=0.1,",115,cb9312b4a05c768dbd781d5a928d76b3767d56bb8951354363ad3811e5a67288,0.4,0.1391304347826087,0.11304347826086956,0.02608695652173913
9NH7,baseline,"T=0.1,",115,42d71e1bbca5273349e854b6cd52806d0ade504e7c64b52c7b9fb797a630a907,0.41739130434782606,0.1391304347826087,0.11304347826086956,0.034782608695652174
9NH7,baseline,"T=0.1,",115,3295a1172d2a154b4c63135cd572ce4159cb8fab71180f95c31803aba6e2d417,0.4,0.1391304347826087,0.11304347826086956,0.02608695652173913
9NH7,baseline,"T=0.1,",115,d41999874dc771139b9ca2969569cb00b5a63343c30e10fe79c65bfc98c0be14,0.40869565217391307,0.1391304347826087,0.11304347826086956,0.02608695652173913
9NH7,baseline,"T=0.1,",115,81ecaf1fb0e41a0d106d92ac0887468cb9f457c5931c89b46eda303f40b40a20,0.40869565217391307,0.14782608695652175,0.11304347826086956,0.02608695652173913
9NH7,baseline,"T=0.1,",115,33e842bf49235a248c7798966a6281a3979c864bdcedfdb57c4c426c85249402,0.41739130434782606,0.14782608695652175,0.11304347826086956,0.02608695652173913
9NH7,baseline,"T=0.1,",115,9def8e13e1adee4a2814de009262fbf323cf2b42ea5a028c9d765f5e77433fa6,0.40869565217391307,0.14782608695652175,0.11304347826086956,0.034782608695652174
9NH7,baseline,"T=0.1,",115,81ecaf1fb0e41a0d106d92ac0887468cb9f457c5931c89b46eda303f40b40a20,0.40869565217391307,0.14782608695652175,0.11304347826086956,0.02608695652173913
9NH7,baseline,"T=0.1,",115,56d542fbdb3cfa60fe7bfac42d8f11c26fe8be265f7eb3fb422b23b05539ceee,0.4,0.1391304347826087,0.11304347826086956,0.02608695652173913
9NH7,baseline,"T=0.1,",115,1caba65e808a5a185720a0066c8efaa4d44cde25398f0995da30178bd14507fe,0.40869565217391307,0.1391304347826087,0.11304347826086956,0.034782608695652174
9NH7,baseline,"T=0.1,",115,004a73ebc8e54b910e09269e074f989b1ef79a60849236957362f30b7c671372,0.4,0.1391304347826087,0.11304347826086956,0.02608695652173913
9NH7,baseline,"T=0.1,",115,27c8c16ff98fd24210cb3aa2f9bb95fd11fc51faa35f2f0d2278680e583f1bd8,0.4,0.14782608695652175,0.11304347826086956,0.02608695652173913
9NH7,baseline,"T=0.1,",115,0bdb8ff0c95eaeb278a6327fda0f66b2b04ab76894d2e7f3cf75388817bef3ba,0.40869565217391307,0.1391304347826087,0.11304347826086956,0.02608695652173913
9NH7,baseline,"T=0.1,",115,a030f0db5ac21ea448ec9499fd87f6e7b758ff7cd76d377d35976b1ff56e7616,0.4,0.14782608695652175,0.11304347826086956,0.02608695652173913
9NH7,baseline,"T=0.1,",115,c9cc478d12761b611c0268b86a3f58c5583b38938f93ca9f4bc720234714f879,0.40869565217391307,0.14782608695652175,0.11304347826086956,0.02608695652173913
9NH7,ensemble,9NH7,115,d6be018c687e9870517d37e3d9f95c16b39f2490d68e1fd6596a29a605af5f2c,0.40869565217391307,0.13043478260869565,0.1391304347826087,0.017391304347826087
9NH7,ensemble,9NH7,115,a9fbc054ba73aea2faebb2ca218fe6eed4dc076820c0d815c6e61e962b8dee4b,0.4260869565217391,0.1391304347826087,0.12173913043478261,0.017391304347826087
9NH7,ensemble,9NH7,115,3e39738e09492600d42f4b0a9d06406d8d0566bee631ea0f362e8da12f5e244c,0.41739130434782606,0.13043478260869565,0.12173913043478261,0.017391304347826087
9NH7,ensemble,9NH7,115,53affc6e8d8e04da7d30c468e1c4d9c5231336f1b63b970266accfc4867def14,0.41739130434782606,0.13043478260869565,0.12173913043478261,0.017391304347826087
9NH7,ensemble,9NH7,115,342f05dd5234b0d28492058712857a526f914e0df2dc533f639d7d2ba7f153be,0.41739130434782606,0.1391304347826087,0.12173913043478261,0.017391304347826087
9NH7,ensemble,9NH7,115,816cc5fe6652d10238674618c3f5dfe57ca0130af75546e9d418f7b3d42b59e2,0.4260869565217391,0.13043478260869565,0.13043478260869565,0.017391304347826087
9NH7,ensemble,9NH7,115,602983d8f93d083eb58174481f16c2bf4b95d124059355d24664ee48c8d647c5,0.40869565217391307,0.1391304347826087,0.1391304347826087,0.017391304347826087
9NH7,ensemble,9NH7,115,56628ccb4be6da57da40ddada13b9acf27a39c7d99c5563bf245fd97d839d073,0.41739130434782606,0.13043478260869565,0.13043478260869565,0.017391304347826087
9NH7,ensemble,9NH7,115,1ab2084082103801f3565679069147e17d61784cb6e7dff721f3f5a8373bb5b9,0.41739130434782606,0.1391304347826087,0.12173913043478261,0.017391304347826087
9NH7,ensemble,9NH7,115,72a48ab8911403b6be746836d90d6d86a7e6ff2fa3f68bc98de94a7ac7357bf9,0.4260869565217391,0.13043478260869565,0.12173913043478261,0.017391304347826087
9NH7,ensemble,9NH7,115,cc46570ee7c0dcee0408f5c167f235b67b43ebd9f8a2067a6d09e357c482b231,0.41739130434782606,0.1391304347826087,0.12173913043478261,0.017391304347826087
9NH7,ensemble,9NH7,115,ba8bcf426c9e10b1944f52572f5e8c7dfbdf19893934b9c68ce66d97d53b8303,0.4260869565217391,0.13043478260869565,0.1391304347826087,0.017391304347826087
9NH7,ensemble,9NH7,115,7fc38aac07568af35b03a9549b0ac50dd323a104d5fde668b273fb0ad07a3493,0.4260869565217391,0.1391304347826087,0.12173913043478261,0.017391304347826087
9NH7,ensemble,9NH7,115,6f7c8e3d90d0da6951724440e43aa1eaa610384691fcd50303298eec908ee8ce,0.41739130434782606,0.1391304347826087,0.11304347826086956,0.017391304347826087
9NH7,ensemble,9NH7,115,e001c13d24cf42c50936df46bd887a00764a33d63c550e5abe7aeaadb364b1cf,0.41739130434782606,0.1391304347826087,0.13043478260869565,0.017391304347826087
9NH7,ensemble,9NH7,115,4ebd1ea97663f9df27d72f171fd9dae83a4d347666ee7f86e9480d64cb4eac2d,0.40869565217391307,0.13043478260869565,0.13043478260869565,0.017391304347826087
9NH7,ensemble,9NH7,115,c7165dedb61e8fa0465a037d1a6d0b720cab22f891bac4859d418652dca56119,0.4260869565217391,0.13043478260869565,0.11304347826086956,0.017391304347826087
9NH7,ensemble,9NH7,115,7bcdf5683d5bdbe34656d1296027796a8b4fe08b670f8d918a255d47bc8aa126,0.4260869565217391,0.1391304347826087,0.12173913043478261,0.017391304347826087
9NH7,ensemble,9NH7,115,2396194e122c3d906b931f3b612a1bbf03da45354c98477b331f8e3cfbfc04e4,0.40869565217391307,0.1391304347826087,0.13043478260869565,0.017391304347826087
9NH7,ensemble,9NH7,115,b6c58751043070a6ff8cfc2adbd4dc35ea3903a5139100760d64001007d2dc4c,0.43478260869565216,0.13043478260869565,0.1391304347826087,0.017391304347826087
9NH7,ensemble,9NH7,115,865d9b923014da25ef9c3e81607e1c1ff5e5cd335e848c77792bcc69ab47153a,0.41739130434782606,0.1391304347826087,0.13043478260869565,0.017391304347826087
9NH7,ensemble,9NH7,115,67802e1aeb73198e3fd13edb4e0a0c267a26467e10d84e8b92ad9ce133008be5,0.40869565217391307,0.13043478260869565,0.14782608695652175,0.017391304347826087
9NH7,ensemble,9NH7,115,94a6a3abd57c22a365e97069324876a24ddfe8702e96ef3e565feddab42f4839,0.4260869565217391,0.1391304347826087,0.13043478260869565,0.017391304347826087
9NH7,ensemble,9NH7,115,c58b5ac0715ade9476b72db7ce552e87bead0ca4cef1d7a501a54fd9835bf13b,0.4260869565217391,0.13043478260869565,0.13043478260869565,0.017391304347826087
9NH7,ensemble,9NH7,115,45cff7d1a41e4f6638ad0a72e183bf2cb6503ab3bd95b5bbf50b1909ce4f7e25,0.41739130434782606,0.1391304347826087,0.12173913043478261,0.017391304347826087
9NH7,ensemble,9NH7,115,5b557a3da7f63aad71176a0436459a68c21faac95d257755a07c3502b61e44f8,0.41739130434782606,0.13043478260869565,0.13043478260869565,0.017391304347826087
9NH7,ensemble,9NH7,115,7a391f0d385ee96f91b0fb430d473f946344d905c61d753471cb92b738377cfb,0.41739130434782606,0.13043478260869565,0.12173913043478261,0.017391304347826087
9NH7,ensemble,9NH7,115,7652cf29de101b740112e17a1cacd5374221ecaa6fa304bf8ac8c546e65062a8,0.41739130434782606,0.13043478260869565,0.11304347826086956,0.017391304347826087
9NH7,ensemble,9NH7,115,3e39738e09492600d42f4b0a9d06406d8d0566bee631ea0f362e8da12f5e244c,0.41739130434782606,0.13043478260869565,0.12173913043478261,0.017391304347826087
9NH7,ensemble,9NH7,115,f848e398a75c5f70bb8732bd82c467d470e63e0d1f505ca156a350c94dc8d05e,0.4260869565217391,0.13043478260869565,0.13043478260869565,0.017391304347826087
9NH7,ensemble,9NH7,115,ba098269157369ab225e9d9d46d40c1e7f767d77b5ab7854737bf0a1379f20ce,0.4260869565217391,0.13043478260869565,0.13043478260869565,0.017391304347826087
9NH7,ensemble,9NH7,115,8ef00462c97406c441751cf901f3ca378c8c810aec6477a393bd8aa03690955d,0.43478260869565216,0.13043478260869565,0.12173913043478261,0.017391304347826087
9NH7,ensemble,9NH7,115,e3d0adf270d6627e6dfa55e620b06b9cc3cbe62485a4558d724a66d06fc790f9,0.4260869565217391,0.13043478260869565,0.1391304347826087,0.017391304347826087
9NH7,ensemble,9NH7,115,9293ed5e84dbe3fca79d826b269b78e804052e4f1edd5310a187c7a45700d392,0.41739130434782606,0.1391304347826087,0.12173913043478261,0.017391304347826087
9NH7,ensemble,9NH7,115,a453884eba53f4fadebd149110b1a82e980a47d590a5c909f356426bf77a54d5,0.4260869565217391,0.13043478260869565,0.13043478260869565,0.017391304347826087
9NH7,ensemble,9NH7,115,e95db007c34ba859558923bb2d4914dbab1eb585e8a32b415d8537f8398c587a,0.4260869565217391,0.1391304347826087,0.12173913043478261,0.017391304347826087
9NH7,ensemble,9NH7,115,da54ecd124ea634731bcf478a085b14ebd0efe7fe2696c009ef80cf7b40739ec,0.4260869565217391,0.1391304347826087,0.12173913043478261,0.017391304347826087
9NH7,ensemble,9NH7,115,6f86c9c2cf178af49437c6c9bedcf11ea0c2b32aeacacc5de695d3b2a659ae17,0.4434782608695652,0.13043478260869565,0.12173913043478261,0.017391304347826087
9NH7,ensemble,9NH7,115,816cc5fe6652d10238674618c3f5dfe57ca0130af75546e9d418f7b3d42b59e2,0.4260869565217391,0.13043478260869565,0.13043478260869565,0.017391304347826087
9NH7,ensemble,9NH7,115,816cc5fe6652d10238674618c3f5dfe57ca0130af75546e9d418f7b3d42b59e2,0.4260869565217391,0.13043478260869565,0.13043478260869565,0.017391304347826087
9NH7,ensemble,9NH7,115,a61b056fe793010a8982560761d375d511dd709b59398c2c4d8f506c01019ced,0.41739130434782606,0.1391304347826087,0.11304347826086956,0.017391304347826087
9NH7,ensemble,9NH7,115,36638e20431959e57c570681b230531adf10c156369f51c35ccb042812429040,0.40869565217391307,0.13043478260869565,0.1391304347826087,0.017391304347826087
9NH7,ensemble,9NH7,115,5c937b168e804a43ceab74c74902ad8ec187530f4b8202211886cddb77689038,0.41739130434782606,0.13043478260869565,0.13043478260869565,0.017391304347826087
9NH7,ensemble,9NH7,115,447046bee74d75100e8b0b39c5b7827d3bfd8287f4a318bccdaeb417fa304d2b,0.4260869565217391,0.13043478260869565,0.12173913043478261,0.02608695652173913
9NH7,ensemble,9NH7,115,fe8789947aa266c9b18de5bd58ab71d366559bd29281261de48c551334b60e7b,0.40869565217391307,0.1391304347826087,0.11304347826086956,0.017391304347826087
9NH7,ensemble,9NH7,115,56628ccb4be6da57da40ddada13b9acf27a39c7d99c5563bf245fd97d839d073,0.41739130434782606,0.13043478260869565,0.13043478260869565,0.017391304347826087
9NH7,ensemble,9NH7,115,5b557a3da7f63aad71176a0436459a68c21faac95d257755a07c3502b61e44f8,0.41739130434782606,0.13043478260869565,0.13043478260869565,0.017391304347826087
9NH7,ensemble,9NH7,115,cec7d7433e0d292572ab2d47ac848a63480fabe28f130b84fcad8878d8ac3ab6,0.40869565217391307,0.13043478260869565,0.14782608695652175,0.017391304347826087
9NH7,ensemble,9NH7,115,376419046d7c31b05e2bb7d20a8952a2fdec7b418fecc885331626894af438f6,0.41739130434782606,0.14782608695652175,0.12173913043478261,0.017391304347826087
9NH7,ensemble,9NH7,115,3416b0421ab12e7759d264935d51c8333232280fffb0c9612ae1401551e2802e,0.4,0.13043478260869565,0.13043478260869565,0.017391304347826087
9NH7,ensemble,9NH7,115,6508849ebe37d0735a3049d1be5c0cb98a4739e99ddf4ed4c07c0d636a68cbd5,0.41739130434782606,0.13043478260869565,0.11304347826086956,0.017391304347826087
9NH7,ensemble,9NH7,115,d6be018c687e9870517d37e3d9f95c16b39f2490d68e1fd6596a29a605af5f2c,0.40869565217391307,0.13043478260869565,0.1391304347826087,0.017391304347826087
9NH7,ensemble,9NH7,115,d64ecf97779b97135941e4629e977143f7ec5e688116ba271574441b608e7962,0.41739130434782606,0.13043478260869565,0.13043478260869565,0.017391304347826087
9NH7,ensemble,9NH7,115,362762e92da86b8491e61100e560682500c6a16dee0935fd1f113215ade4770a,0.4260869565217391,0.13043478260869565,0.12173913043478261,0.017391304347826087
9NH7,ensemble,9NH7,115,45cff7d1a41e4f6638ad0a72e183bf2cb6503ab3bd95b5bbf50b1909ce4f7e25,0.41739130434782606,0.1391304347826087,0.12173913043478261,0.017391304347826087
9NH7,ensemble,9NH7,115,72a48ab8911403b6be746836d90d6d86a7e6ff2fa3f68bc98de94a7ac7357bf9,0.4260869565217391,0.13043478260869565,0.12173913043478261,0.017391304347826087
9NH7,ensemble,9NH7,115,5c79ca6f8ff2fd241b148ea9b06db23b0019e2adf96f3ddfff0c312f413d853b,0.41739130434782606,0.13043478260869565,0.13043478260869565,0.017391304347826087
9NH7,ensemble,9NH7,115,c808965f56a78c6bc9ebb2606f0618dbb5b70c82f015153757a675ac51391f7e,0.4260869565217391,0.1391304347826087,0.12173913043478261,0.017391304347826087
9NH7,ensemble,9NH7,115,9757f94c7f0d6300142941e10e5d78885f67db6ad909ad24a47b6fb4ad23f6df,0.4434782608695652,0.13043478260869565,0.13043478260869565,0.017391304347826087
9NH7,ensemble,9NH7,115,72a48ab8911403b6be746836d90d6d86a7e6ff2fa3f68bc98de94a7ac7357bf9,0.4260869565217391,0.13043478260869565,0.12173913043478261,0.017391304347826087
9NH7,ensemble,9NH7,115,2dbaa10fdf5ff14255d680df946289e1a51098c8bbc4a6ccdd3c0a554df4fa5f,0.41739130434782606,0.13043478260869565,0.1391304347826087,0.017391304347826087
9NH7,ensemble,9NH7,115,73680e6070c986001253e36154a5b6b1229f62fb57a96cb49401c751ee514624,0.41739130434782606,0.13043478260869565,0.13043478260869565,0.017391304347826087
9NH7,ensemble,9NH7,115,5bdb2df4e927c5477147c1c80481ba6950d844c3d33c0ffac02318c1bcca0ef4,0.40869565217391307,0.1391304347826087,0.13043478260869565,0.017391304347826087
9NH7,ensemble,9NH7,115,b6f7fb344a611687b3afe30a1d9910dba487141fa6f2290c3d350f5204709235,0.4260869565217391,0.13043478260869565,0.12173913043478261,0.017391304347826087
9NH7,ensemble,9NH7,115,3dfcd069c5d427ee2fd4c90c7830289cee2de1458bc384a1799ec05e06d4c80f,0.43478260869565216,0.13043478260869565,0.12173913043478261,0.017391304347826087
9NH7,ensemble,9NH7,115,aa059414b7f98f4c7603b938f140f8c777075fb42bad5d07ec7404f6a625fb8b,0.41739130434782606,0.13043478260869565,0.12173913043478261,0.017391304347826087
9NH7,ensemble,9NH7,115,08ca0f4a23ceb9c60def823ccab3a09f5348227510e02108eb723f6ea78f1ca9,0.40869565217391307,0.1391304347826087,0.12173913043478261,0.017391304347826087
9NH7,ensemble,9NH7,115,2dbaa10fdf5ff14255d680df946289e1a51098c8bbc4a6ccdd3c0a554df4fa5f,0.41739130434782606,0.13043478260869565,0.1391304347826087,0.017391304347826087
9NH7,ensemble,9NH7,115,362762e92da86b8491e61100e560682500c6a16dee0935fd1f113215ade4770a,0.4260869565217391,0.13043478260869565,0.12173913043478261,0.017391304347826087
9NH7,ensemble,9NH7,115,6806d5666fa3fba15b87267b0b75f36968e629b94608c97385ea910b387592d2,0.43478260869565216,0.13043478260869565,0.11304347826086956,0.017391304347826087
9NH7,ensemble,9NH7,115,e9c24b9249e7a534d189fd09356ce36c099dc04b24f87d89c36206de07f54612,0.4260869565217391,0.13043478260869565,0.13043478260869565,0.017391304347826087
9NH7,ensemble,9NH7,115,7a391f0d385ee96f91b0fb430d473f946344d905c61d753471cb92b738377cfb,0.41739130434782606,0.13043478260869565,0.12173913043478261,0.017391304347826087
9NH7,ensemble,9NH7,115,b1238159182c6e0d1ee7f1db0cae308a12abd33b0b2a2fa97122dbaee785f980,0.40869565217391307,0.13043478260869565,0.12173913043478261,0.017391304347826087
9NH7,ensemble,9NH7,115,1d304e7097866436ab888eecf3febfe83ee958d0ffa238c118ec2c98d1acec7e,0.41739130434782606,0.13043478260869565,0.12173913043478261,0.017391304347826087
9NH7,ensemble,9NH7,115,7a391f0d385ee96f91b0fb430d473f946344d905c61d753471cb92b738377cfb,0.41739130434782606,0.13043478260869565,0.12173913043478261,0.017391304347826087
9NH7,ensemble,9NH7,115,5c79ca6f8ff2fd241b148ea9b06db23b0019e2adf96f3ddfff0c312f413d853b,0.41739130434782606,0.13043478260869565,0.13043478260869565,0.017391304347826087
9NH7,ensemble,9NH7,115,6508849ebe37d0735a3049d1be5c0cb98a4739e99ddf4ed4c07c0d636a68cbd5,0.41739130434782606,0.13043478260869565,0.11304347826086956,0.017391304347826087
9NH7,ensemble,9NH7,115,e5cdc2b226051230802207eb330ba990dfe672766f9799d022beab743f8b1681,0.40869565217391307,0.13043478260869565,0.13043478260869565,0.017391304347826087
9NH7,ensemble,9NH7,115,72a48ab8911403b6be746836d90d6d86a7e6ff2fa3f68bc98de94a7ac7357bf9,0.4260869565217391,0.13043478260869565,0.12173913043478261,0.017391304347826087
9NH7,ensemble,9NH7,115,6d2127871cdf98cf6bc4aa4edd6481666be409b313a7bb21c9691455d49eb4c8,0.43478260869565216,0.13043478260869565,0.11304347826086956,0.017391304347826087
9NH7,ensemble,9NH7,115,8ef00462c97406c441751cf901f3ca378c8c810aec6477a393bd8aa03690955d,0.43478260869565216,0.13043478260869565,0.12173913043478261,0.017391304347826087
9NH7,ensemble,9NH7,115,4ebe71a41e734bb58d32a187a270ed570e67595e702e162cc21debcb10b7331c,0.4260869565217391,0.13043478260869565,0.1391304347826087,0.017391304347826087
9NH7,ensemble,9NH7,115,1d304e7097866436ab888eecf3febfe83ee958d0ffa238c118ec2c98d1acec7e,0.41739130434782606,0.13043478260869565,0.12173913043478261,0.017391304347826087
9NH7,ensemble,9NH7,115,89a549d4af4108377f4d67bf8664dfa856bcdd39ecf357d7994dcec60ca5c626,0.41739130434782606,0.13043478260869565,0.12173913043478261,0.017391304347826087
9NH7,ensemble,9NH7,115,c7165dedb61e8fa0465a037d1a6d0b720cab22f891bac4859d418652dca56119,0.4260869565217391,0.13043478260869565,0.11304347826086956,0.017391304347826087
9NH7,ensemble,9NH7,115,362762e92da86b8491e61100e560682500c6a16dee0935fd1f113215ade4770a,0.4260869565217391,0.13043478260869565,0.12173913043478261,0.017391304347826087
9NH7,ensemble,9NH7,115,0bc1965aa69ee34811e47d9552572a0aa145e6a02e0ff2c5dbd8138e77b710c6,0.4260869565217391,0.13043478260869565,0.12173913043478261,0.02608695652173913
9NH7,ensemble,9NH7,115,c4aab52a2d0f11035949a33646176e07d2fa31614c91301d938c95da7e649a34,0.41739130434782606,0.1391304347826087,0.11304347826086956,0.017391304347826087
9NH7,ensemble,9NH7,115,7fc38aac07568af35b03a9549b0ac50dd323a104d5fde668b273fb0ad07a3493,0.4260869565217391,0.1391304347826087,0.12173913043478261,0.017391304347826087
9NH7,ensemble,9NH7,115,62d652e1161256ef29433e489ee65d04ec4f5a1854deb93c4f07d3a6d81c0f3a,0.43478260869565216,0.13043478260869565,0.12173913043478261,0.017391304347826087
9NH7,ensemble,9NH7,115,96f9de3093209de36d26624e711fc9c62269cf7e774bf2d0e34d41503b09c49e,0.4260869565217391,0.13043478260869565,0.13043478260869565,0.017391304347826087
9NH7,ensemble,9NH7,115,70b3b9c23a8863a0901daec251812ba278981a804ed71c6c5696a3a07e4f6ef9,0.4260869565217391,0.13043478260869565,0.12173913043478261,0.017391304347826087
9NH7,ensemble,9NH7,115,9d41e0d1c2d919ab61b9a32a0584e55b8850d3a2277fa26e85e2e638fda36425,0.4260869565217391,0.1391304347826087,0.11304347826086956,0.017391304347826087
9NH7,ensemble,9NH7,115,49c9db8f83bc017c942a3f36ff4db85035f9686c57d924ba081d867660b73b6f,0.43478260869565216,0.13043478260869565,0.11304347826086956,0.017391304347826087
9NH7,ensemble,9NH7,115,d6be018c687e9870517d37e3d9f95c16b39f2490d68e1fd6596a29a605af5f2c,0.40869565217391307,0.13043478260869565,0.1391304347826087,0.017391304347826087
9NH7,ensemble,9NH7,115,3dfcd069c5d427ee2fd4c90c7830289cee2de1458bc384a1799ec05e06d4c80f,0.43478260869565216,0.13043478260869565,0.12173913043478261,0.017391304347826087
9NH7,ensemble,9NH7,115,20d90fb2f2200e34226533859eeb171baea39ae5a043623d53e69376fb158f34,0.41739130434782606,0.13043478260869565,0.12173913043478261,0.017391304347826087
9NH7,ensemble,9NH7,115,5963d2d0e75546b92bd7b4dddb1effb4231d396813ef70bf62b60e8f65ac991a,0.40869565217391307,0.13043478260869565,0.13043478260869565,0.017391304347826087
9NH7,ensemble,9NH7,115,76cf137a1ac07fd8f0cd83986e062f73731e33b54a96d9113dfcca48da39b7b5,0.43478260869565216,0.13043478260869565,0.12173913043478261,0.017391304347826087
9NH7,ensemble,9NH7,115,2dbaa10fdf5ff14255d680df946289e1a51098c8bbc4a6ccdd3c0a554df4fa5f,0.41739130434782606,0.13043478260869565,0.1391304347826087,0.017391304347826087
