target,region,n_positions,changed_modes,mean_js_divergence,mean_entropy_change,fraction_modes_changed
9NFU,Framework,179,1,0.0023660614005628897,-0.005311017277581374,0.00558659217877095
9NFU,H-CDR1,8,5,0.5592535094428417,-0.023689038246477508,0.625
9NFU,H-CDR2,8,6,0.582950617616155,0.46721446125906757,0.75
9NFU,H-CDR3,14,10,0.5094118213247177,0.306112765707384,0.7142857142857143
9NFU,L-CDR1,3,3,0.7862351286231003,-0.7091110476673865,1.0
9NFU,L-CDR2,3,2,0.7601073613788083,0.1422864547637863,0.6666666666666666
9NFU,L-CDR3,10,8,0.6786206455845776,-0.3571856556566912,0.8
9NFU,Unmapped,22,0,0.0,0.0,0.0
9NH7,CDR-H1,8,5,0.6095474267447276,-0.1362722870391861,0.625
9NH7,CDR-H2,8,4,0.4690380507586614,-0.23874573131961027,0.5
9NH7,CDR-H3,15,7,0.42539006794251916,0.1634688580658197,0.4666666666666667
9NH7,Framework,84,0,0.0,0.0,0.0
