structure,method,prediction,preservation_2A,preservation_3A,mean_displacement_A,median_displacement_A,preservation_2A_pct,preservation_3A_pct
9NFU,baseline,9NFU_baseline_001.pdb,0.7857142857142857,0.8571428571428571,1.668311,1.5196675,78.57142857142857,85.71428571428571
9NFU,baseline,9NFU_baseline_002.pdb,0.7857142857142857,0.9285714285714286,1.6435834,1.63589,78.57142857142857,92.85714285714286
9NFU,baseline,9NFU_baseline_003.pdb,0.14285714285714285,0.35714285714285715,3.3741252,3.2612183,14.285714285714285,35.714285714285715
9NFU,baseline,9NFU_baseline_004.pdb,0.14285714285714285,0.14285714285714285,3.6567216,3.8944435,14.285714285714285,14.285714285714285
9NFU,baseline,9NFU_baseline_005.pdb,0.0,0.0,31.159504,28.972202,0.0,0.0
9NFU,baseline,9NFU_baseline_006.pdb,0.7857142857142857,0.9285714285714286,1.6853727,1.489215,78.57142857142857,92.85714285714286
9NFU,baseline,9NFU_baseline_007.pdb,0.5714285714285714,0.7142857142857143,2.1784093,1.7519655,57.14285714285714,71.42857142857143
9NFU,baseline,9NFU_baseline_008.pdb,0.7857142857142857,0.9285714285714286,1.7877176,1.5463893,78.57142857142857,92.85714285714286
9NFU,baseline,9NFU_baseline_009.pdb,0.0,0.0,32.44231,30.44968,0.0,0.0
9NFU,baseline,9NFU_baseline_010.pdb,0.7142857142857143,0.7857142857142857,1.8156518,1.3201797,71.42857142857143,78.57142857142857
9NFU,baseline,9NFU_baseline_011.pdb,0.6428571428571429,0.9285714285714286,1.728346,1.5822554,64.28571428571429,92.85714285714286
9NFU,baseline,9NFU_baseline_012.pdb,0.8571428571428571,0.9285714285714286,1.4818943,1.3982719,85.71428571428571,92.85714285714286
9NFU,baseline,9NFU_baseline_013.pdb,0.7142857142857143,1.0,1.514356,1.2644088,71.42857142857143,100.0
9NFU,baseline,9NFU_baseline_014.pdb,0.6428571428571429,0.8571428571428571,1.8910621,1.799273,64.28571428571429,85.71428571428571
9NFU,baseline,9NFU_baseline_015.pdb,0.7857142857142857,0.9285714285714286,1.6016604,1.4585779,78.57142857142857,92.85714285714286
9NFU,baseline,9NFU_baseline_016.pdb,0.0,0.07142857142857142,8.008134,8.392204,0.0,7.142857142857142
9NFU,baseline,9NFU_baseline_017.pdb,0.8571428571428571,0.9285714285714286,1.4864782,1.558934,85.71428571428571,92.85714285714286
9NFU,baseline,9NFU_baseline_018.pdb,0.7142857142857143,0.7857142857142857,1.6421305,1.0943679,71.42857142857143,78.57142857142857
9NFU,baseline,9NFU_baseline_019.pdb,0.7142857142857143,0.9285714285714286,1.5740598,1.2405813,71.42857142857143,92.85714285714286
9NFU,baseline,9NFU_baseline_020.pdb,0.5,0.9285714285714286,1.8149749,1.9098759,50.0,92.85714285714286
9NFU,baseline,9NFU_baseline_021.pdb,0.5714285714285714,0.8571428571428571,1.883951,1.7228843,57.14285714285714,85.71428571428571
9NFU,baseline,9NFU_baseline_022.pdb,0.7857142857142857,0.9285714285714286,1.6793281,1.2653098,78.57142857142857,92.85714285714286
9NFU,baseline,9NFU_baseline_023.pdb,0.6428571428571429,0.8571428571428571,1.8676981,1.3856767,64.28571428571429,85.71428571428571
9NFU,baseline,9NFU_baseline_024.pdb,0.8571428571428571,0.8571428571428571,1.7692184,1.518863,85.71428571428571,85.71428571428571
9NFU,baseline,9NFU_baseline_025.pdb,0.8571428571428571,0.9285714285714286,1.5863254,1.5527588,85.71428571428571,92.85714285714286
9NFU,baseline,9NFU_baseline_026.pdb,0.8571428571428571,0.8571428571428571,1.7128919,1.5434977,85.71428571428571,85.71428571428571
9NFU,baseline,9NFU_baseline_027.pdb,0.7857142857142857,1.0,1.510649,1.2829466,78.57142857142857,100.0
9NFU,baseline,9NFU_baseline_028.pdb,0.0,0.0,31.48458,29.732904,0.0,0.0
9NFU,baseline,9NFU_baseline_029.pdb,0.6428571428571429,0.8571428571428571,1.7945263,1.6793063,64.28571428571429,85.71428571428571
9NFU,baseline,9NFU_baseline_030.pdb,0.5714285714285714,0.7857142857142857,2.2155259,1.8049738,57.14285714285714,78.57142857142857
9NFU,baseline,9NFU_baseline_031.pdb,0.7857142857142857,0.9285714285714286,1.9012319,1.6737382,78.57142857142857,92.85714285714286
9NFU,baseline,9NFU_baseline_032.pdb,0.0,0.0,29.978094,27.633846,0.0,0.0
9NFU,baseline,9NFU_baseline_033.pdb,0.7142857142857143,0.8571428571428571,1.8276287,1.7529857,71.42857142857143,85.71428571428571
9NFU,baseline,9NFU_baseline_034.pdb,0.7142857142857143,0.9285714285714286,1.6875966,1.6636645,71.42857142857143,92.85714285714286
9NFU,baseline,9NFU_baseline_035.pdb,0.7857142857142857,0.9285714285714286,1.5212134,1.266699,78.57142857142857,92.85714285714286
9NFU,baseline,9NFU_baseline_036.pdb,0.7857142857142857,0.9285714285714286,1.522509,1.2829334,78.57142857142857,92.85714285714286
9NFU,baseline,9NFU_baseline_037.pdb,0.6428571428571429,0.7857142857142857,2.0432718,1.6019462,64.28571428571429,78.57142857142857
9NFU,baseline,9NFU_baseline_038.pdb,0.6428571428571429,0.8571428571428571,1.8870238,1.697593,64.28571428571429,85.71428571428571
9NFU,baseline,9NFU_baseline_039.pdb,0.6428571428571429,0.9285714285714286,1.700368,1.4627647,64.28571428571429,92.85714285714286
9NFU,baseline,9NFU_baseline_040.pdb,0.7857142857142857,0.9285714285714286,1.6212119,1.4936268,78.57142857142857,92.85714285714286
9NFU,baseline,9NFU_baseline_041.pdb,0.8571428571428571,1.0,1.4168745,1.3985403,85.71428571428571,100.0
9NFU,baseline,9NFU_baseline_042.pdb,0.0,0.0,25.407223,24.935638,0.0,0.0
9NFU,baseline,9NFU_baseline_043.pdb,0.7857142857142857,0.9285714285714286,1.7786362,1.7484546,78.57142857142857,92.85714285714286
9NFU,baseline,9NFU_baseline_044.pdb,0.0,0.0,29.159046,26.880209,0.0,0.0
9NFU,baseline,9NFU_baseline_045.pdb,0.0,0.0,26.803692,26.272835,0.0,0.0
9NFU,baseline,9NFU_baseline_046.pdb,0.42857142857142855,0.7857142857142857,2.1474826,2.3467546,42.857142857142854,78.57142857142857
9NFU,baseline,9NFU_baseline_047.pdb,0.7142857142857143,0.9285714285714286,1.7379596,1.60758,71.42857142857143,92.85714285714286
9NFU,baseline,9NFU_baseline_048.pdb,0.7142857142857143,0.8571428571428571,1.7092133,1.7098541,71.42857142857143,85.71428571428571
9NFU,baseline,9NFU_baseline_049.pdb,0.8571428571428571,0.8571428571428571,1.8662604,1.5369115,85.71428571428571,85.71428571428571
9NFU,baseline,9NFU_baseline_050.pdb,0.0,0.0,30.58266,28.721096,0.0,0.0
9NFU,baseline,9NFU_baseline_051.pdb,0.14285714285714285,0.5,3.2226105,3.1272092,14.285714285714285,50.0
9NFU,baseline,9NFU_baseline_052.pdb,0.6428571428571429,0.7857142857142857,2.1091216,1.8389529,64.28571428571429,78.57142857142857
9NFU,baseline,9NFU_baseline_053.pdb,0.0,0.0,30.07764,29.797895,0.0,0.0
9NFU,baseline,9NFU_baseline_054.pdb,0.0,0.0,29.972979,27.694618,0.0,0.0
9NFU,baseline,9NFU_baseline_055.pdb,0.8571428571428571,0.9285714285714286,1.7495434,1.363847,85.71428571428571,92.85714285714286
9NFU,baseline,9NFU_baseline_056.pdb,0.8571428571428571,0.9285714285714286,1.5848637,1.5902814,85.71428571428571,92.85714285714286
9NFU,baseline,9NFU_baseline_057.pdb,0.7142857142857143,1.0,1.5861362,1.4785626,71.42857142857143,100.0
9NFU,baseline,9NFU_baseline_058.pdb,0.7142857142857143,0.9285714285714286,1.6719466,1.3634841,71.42857142857143,92.85714285714286
9NFU,baseline,9NFU_baseline_059.pdb,0.6428571428571429,0.8571428571428571,1.861309,1.5178475,64.28571428571429,85.71428571428571
9NFU,baseline,9NFU_baseline_060.pdb,0.5,0.8571428571428571,2.145551,1.8984627,50.0,85.71428571428571
9NFU,baseline,9NFU_baseline_061.pdb,0.7857142857142857,0.9285714285714286,1.485677,1.5345147,78.57142857142857,92.85714285714286
9NFU,baseline,9NFU_baseline_062.pdb,0.5,0.7857142857142857,2.2339041,2.020184,50.0,78.57142857142857
9NFU,baseline,9NFU_baseline_063.pdb,0.7142857142857143,0.8571428571428571,1.7616915,1.5076804,71.42857142857143,85.71428571428571
9NFU,baseline,9NFU_baseline_064.pdb,0.7857142857142857,0.9285714285714286,1.7786425,1.4250981,78.57142857142857,92.85714285714286
9NFU,baseline,9NFU_baseline_065.pdb,0.7142857142857143,0.9285714285714286,1.8046769,1.5709803,71.42857142857143,92.85714285714286
9NFU,baseline,9NFU_baseline_066.pdb,0.7142857142857143,0.9285714285714286,1.6303198,1.4592733,71.42857142857143,92.85714285714286
9NFU,baseline,9NFU_baseline_067.pdb,0.5714285714285714,0.7857142857142857,2.0513582,1.6808326,57.14285714285714,78.57142857142857
9NFU,baseline,9NFU_baseline_068.pdb,0.5714285714285714,0.7857142857142857,2.150258,1.6978314,57.14285714285714,78.57142857142857
9NFU,baseline,9NFU_baseline_069.pdb,0.7857142857142857,0.9285714285714286,1.5707492,1.3802763,78.57142857142857,92.85714285714286
9NFU,baseline,9NFU_baseline_070.pdb,0.7857142857142857,0.9285714285714286,1.5307577,1.4408149,78.57142857142857,92.85714285714286
9NFU,baseline,9NFU_baseline_071.pdb,0.7142857142857143,0.8571428571428571,1.8715391,1.31478,71.42857142857143,85.71428571428571
9NFU,baseline,9NFU_baseline_072.pdb,0.7142857142857143,0.8571428571428571,1.726905,1.4989715,71.42857142857143,85.71428571428571
9NFU,baseline,9NFU_baseline_073.pdb,0.7142857142857143,0.9285714285714286,1.6263181,1.6622612,71.42857142857143,92.85714285714286
9NFU,baseline,9NFU_baseline_074.pdb,0.7142857142857143,0.8571428571428571,1.8065684,1.6075485,71.42857142857143,85.71428571428571
9NFU,baseline,9NFU_baseline_075.pdb,0.21428571428571427,0.5,3.275505,3.1555374,21.428571428571427,50.0
9NFU,baseline,9NFU_baseline_076.pdb,0.7857142857142857,0.9285714285714286,1.6920507,1.419513,78.57142857142857,92.85714285714286
9NFU,baseline,9NFU_baseline_077.pdb,0.6428571428571429,1.0,1.5323932,1.4044745,64.28571428571429,100.0
9NFU,baseline,9NFU_baseline_078.pdb,0.0,0.0,31.274664,29.122211,0.0,0.0
9NFU,baseline,9NFU_baseline_079.pdb,0.8571428571428571,0.8571428571428571,1.6599284,1.2846351,85.71428571428571,85.71428571428571
9NFU,baseline,9NFU_baseline_080.pdb,0.7857142857142857,0.9285714285714286,1.6300553,1.4945002,78.57142857142857,92.85714285714286
9NFU,baseline,9NFU_baseline_081.pdb,0.0,0.0,34.017513,33.00229,0.0,0.0
9NFU,baseline,9NFU_baseline_082.pdb,0.7857142857142857,0.9285714285714286,1.4477022,1.2521596,78.57142857142857,92.85714285714286
9NFU,baseline,9NFU_baseline_083.pdb,0.7142857142857143,0.8571428571428571,1.9291956,1.7118415,71.42857142857143,85.71428571428571
9NFU,baseline,9NFU_baseline_084.pdb,0.7142857142857143,0.8571428571428571,1.7201632,1.5445752,71.42857142857143,85.71428571428571
9NFU,baseline,9NFU_baseline_085.pdb,0.7857142857142857,0.8571428571428571,1.5860904,1.5894377,78.57142857142857,85.71428571428571
9NFU,baseline,9NFU_baseline_086.pdb,0.5,0.8571428571428571,2.1494493,1.8687913,50.0,85.71428571428571
9NFU,baseline,9NFU_baseline_087.pdb,0.14285714285714285,0.42857142857142855,3.289571,3.5135627,14.285714285714285,42.857142857142854
9NFU,baseline,9NFU_baseline_088.pdb,0.7142857142857143,0.8571428571428571,1.7759769,1.460927,71.42857142857143,85.71428571428571
9NFU,baseline,9NFU_baseline_089.pdb,0.7857142857142857,1.0,1.4729693,1.3279898,78.57142857142857,100.0
9NFU,baseline,9NFU_baseline_090.pdb,0.7857142857142857,0.8571428571428571,1.7015235,1.5056164,78.57142857142857,85.71428571428571
9NFU,baseline,9NFU_baseline_091.pdb,0.35714285714285715,0.8571428571428571,2.4431937,2.1104007,35.714285714285715,85.71428571428571
9NFU,baseline,9NFU_baseline_092.pdb,0.7857142857142857,0.9285714285714286,1.7482582,1.5045547,78.57142857142857,92.85714285714286
9NFU,baseline,9NFU_baseline_093.pdb,0.7142857142857143,0.9285714285714286,1.5476645,1.2421396,71.42857142857143,92.85714285714286
9NFU,baseline,9NFU_baseline_094.pdb,0.7857142857142857,1.0,1.5872471,1.7034304,78.57142857142857,100.0
9NFU,baseline,9NFU_baseline_095.pdb,0.7142857142857143,0.8571428571428571,1.8325498,1.7275145,71.42857142857143,85.71428571428571
9NFU,baseline,9NFU_baseline_096.pdb,0.5,0.7857142857142857,2.2260978,2.192031,50.0,78.57142857142857
9NFU,baseline,9NFU_baseline_097.pdb,0.8571428571428571,0.9285714285714286,1.4250495,1.3999012,85.71428571428571,92.85714285714286
9NFU,baseline,9NFU_baseline_098.pdb,0.7857142857142857,0.9285714285714286,1.7471637,1.5483057,78.57142857142857,92.85714285714286
9NFU,baseline,9NFU_baseline_099.pdb,0.7857142857142857,1.0,1.5519189,1.5414374,78.57142857142857,100.0
9NFU,baseline,9NFU_baseline_100.pdb,0.7857142857142857,0.9285714285714286,1.5552042,1.5881236,78.57142857142857,92.85714285714286
9NFU,ensemble,9NFU_ensemble_seed000.pdb,0.7142857142857143,0.9285714285714286,1.4900702,1.2578299,71.42857142857143,92.85714285714286
9NFU,ensemble,9NFU_ensemble_seed001.pdb,0.5,0.5714285714285714,2.90316,2.2464447,50.0,57.14285714285714
9NFU,ensemble,9NFU_ensemble_seed002.pdb,0.5714285714285714,0.7857142857142857,2.6392484,1.639649,57.14285714285714,78.57142857142857
9NFU,ensemble,9NFU_ensemble_seed003.pdb,0.5714285714285714,0.7857142857142857,3.0006886,1.807142,57.14285714285714,78.57142857142857
9NFU,ensemble,9NFU_ensemble_seed004.pdb,0.6428571428571429,0.7857142857142857,2.0935843,1.8192623,64.28571428571429,78.57142857142857
9NFU,ensemble,9NFU_ensemble_seed005.pdb,0.5,0.7857142857142857,3.0231597,1.9933381,50.0,78.57142857142857
9NFU,ensemble,9NFU_ensemble_seed006.pdb,0.42857142857142855,0.6428571428571429,3.366493,2.1947749,42.857142857142854,64.28571428571429
9NFU,ensemble,9NFU_ensemble_seed007.pdb,0.42857142857142855,0.6428571428571429,3.4498844,2.3860831,42.857142857142854,64.28571428571429
9NFU,ensemble,9NFU_ensemble_seed008.pdb,0.6428571428571429,0.7857142857142857,2.2148373,1.5295932,64.28571428571429,78.57142857142857
9NFU,ensemble,9NFU_ensemble_seed009.pdb,0.42857142857142855,0.6428571428571429,3.2055573,2.2967114,42.857142857142854,64.28571428571429
9NFU,ensemble,9NFU_ensemble_seed010.pdb,0.6428571428571429,0.7142857142857143,2.2586365,1.5209172,64.28571428571429,71.42857142857143
9NFU,ensemble,9NFU_ensemble_seed011.pdb,0.35714285714285715,0.6428571428571429,3.57779,2.4787908,35.714285714285715,64.28571428571429
9NFU,ensemble,9NFU_ensemble_seed012.pdb,0.35714285714285715,0.5714285714285714,3.273546,2.8725398,35.714285714285715,57.14285714285714
9NFU,ensemble,9NFU_ensemble_seed013.pdb,0.6428571428571429,0.7142857142857143,2.2097533,1.8042544,64.28571428571429,71.42857142857143
9NFU,ensemble,9NFU_ensemble_seed014.pdb,0.42857142857142855,0.7857142857142857,3.2296236,2.4017167,42.857142857142854,78.57142857142857
9NFU,ensemble,9NFU_ensemble_seed015.pdb,0.42857142857142855,0.5714285714285714,2.6695564,2.1823902,42.857142857142854,57.14285714285714
9NFU,ensemble,9NFU_ensemble_seed016.pdb,0.6428571428571429,0.8571428571428571,1.7193053,1.2443347,64.28571428571429,85.71428571428571
9NFU,ensemble,9NFU_ensemble_seed017.pdb,0.42857142857142855,0.7142857142857143,3.3060818,2.428421,42.857142857142854,71.42857142857143
9NFU,ensemble,9NFU_ensemble_seed018.pdb,0.5714285714285714,0.7857142857142857,2.723125,1.8982968,57.14285714285714,78.57142857142857
9NFU,ensemble,9NFU_ensemble_seed019.pdb,0.5,0.7857142857142857,2.8322318,1.9248157,50.0,78.57142857142857
9NFU,ensemble,9NFU_ensemble_seed020.pdb,0.42857142857142855,0.7857142857142857,2.7739131,2.2505789,42.857142857142854,78.57142857142857
9NFU,ensemble,9NFU_ensemble_seed021.pdb,0.0,0.0,20.863087,20.66748,0.0,0.0
9NFU,ensemble,9NFU_ensemble_seed022.pdb,0.5,0.8571428571428571,1.9912077,2.0031416,50.0,85.71428571428571
9NFU,ensemble,9NFU_ensemble_seed023.pdb,0.5714285714285714,0.7857142857142857,2.859946,1.5804724,57.14285714285714,78.57142857142857
9NFU,ensemble,9NFU_ensemble_seed024.pdb,0.5,0.7142857142857143,2.5801005,1.8665628,50.0,71.42857142857143
9NFU,ensemble,9NFU_ensemble_seed025.pdb,0.5,0.7142857142857143,3.0879893,2.085504,50.0,71.42857142857143
9NFU,ensemble,9NFU_ensemble_seed026.pdb,0.42857142857142855,0.7142857142857143,2.5960152,2.1483896,42.857142857142854,71.42857142857143
9NFU,ensemble,9NFU_ensemble_seed027.pdb,0.5,0.6428571428571429,3.2012398,2.01294,50.0,64.28571428571429
9NFU,ensemble,9NFU_ensemble_seed028.pdb,0.35714285714285715,0.7142857142857143,2.9552708,2.3189912,35.714285714285715,71.42857142857143
9NFU,ensemble,9NFU_ensemble_seed029.pdb,0.5,0.5714285714285714,2.791621,2.075309,50.0,57.14285714285714
9NFU,ensemble,9NFU_ensemble_seed030.pdb,0.5,0.7142857142857143,2.804972,2.1173978,50.0,71.42857142857143
9NFU,ensemble,9NFU_ensemble_seed031.pdb,0.42857142857142855,0.7142857142857143,3.443279,2.4384894,42.857142857142854,71.42857142857143
9NFU,ensemble,9NFU_ensemble_seed032.pdb,0.42857142857142855,0.6428571428571429,2.6244369,2.0370462,42.857142857142854,64.28571428571429
9NFU,ensemble,9NFU_ensemble_seed033.pdb,0.5714285714285714,0.7857142857142857,2.0455906,1.8781267,57.14285714285714,78.57142857142857
9NFU,ensemble,9NFU_ensemble_seed034.pdb,0.5,0.9285714285714286,2.052549,1.9034617,50.0,92.85714285714286
9NFU,ensemble,9NFU_ensemble_seed035.pdb,0.5,0.7142857142857143,2.8550737,1.89975,50.0,71.42857142857143
9NFU,ensemble,9NFU_ensemble_seed036.pdb,0.42857142857142855,0.8571428571428571,2.8018,2.2753084,42.857142857142854,85.71428571428571
9NFU,ensemble,9NFU_ensemble_seed037.pdb,0.5,0.6428571428571429,3.3209438,2.0831022,50.0,64.28571428571429
9NFU,ensemble,9NFU_ensemble_seed038.pdb,0.5714285714285714,0.6428571428571429,3.0446725,1.7058733,57.14285714285714,64.28571428571429
9NFU,ensemble,9NFU_ensemble_seed039.pdb,0.42857142857142855,0.6428571428571429,3.183578,2.2677717,42.857142857142854,64.28571428571429
9NFU,ensemble,9NFU_ensemble_seed040.pdb,0.6428571428571429,0.8571428571428571,2.3858407,1.4884121,64.28571428571429,85.71428571428571
9NFU,ensemble,9NFU_ensemble_seed041.pdb,0.6428571428571429,0.7857142857142857,1.9236927,1.8543445,64.28571428571429,78.57142857142857
9NFU,ensemble,9NFU_ensemble_seed042.pdb,0.07142857142857142,0.14285714285714285,3.8860016,4.1023197,7.142857142857142,14.285714285714285
9NFU,ensemble,9NFU_ensemble_seed043.pdb,0.42857142857142855,0.6428571428571429,3.3911133,2.383977,42.857142857142854,64.28571428571429
9NFU,ensemble,9NFU_ensemble_seed044.pdb,0.42857142857142855,0.8571428571428571,2.2293198,2.1243472,42.857142857142854,85.71428571428571
9NFU,ensemble,9NFU_ensemble_seed045.pdb,0.42857142857142855,0.7142857142857143,3.4035685,2.1293678,42.857142857142854,71.42857142857143
9NFU,ensemble,9NFU_ensemble_seed046.pdb,0.42857142857142855,0.6428571428571429,2.7900357,2.121645,42.857142857142854,64.28571428571429
9NFU,ensemble,9NFU_ensemble_seed047.pdb,0.6428571428571429,0.7857142857142857,2.6326625,1.2559795,64.28571428571429,78.57142857142857
9NFU,ensemble,9NFU_ensemble_seed048.pdb,0.35714285714285715,0.7142857142857143,2.6559799,2.547367,35.714285714285715,71.42857142857143
9NFU,ensemble,9NFU_ensemble_seed049.pdb,0.5714285714285714,0.7142857142857143,2.9208431,1.8096774,57.14285714285714,71.42857142857143
9NFU,ensemble,9NFU_ensemble_seed050.pdb,0.42857142857142855,0.7142857142857143,2.6037095,2.3387086,42.857142857142854,71.42857142857143
9NFU,ensemble,9NFU_ensemble_seed051.pdb,0.35714285714285715,0.7142857142857143,2.8309865,2.3107052,35.714285714285715,71.42857142857143
9NFU,ensemble,9NFU_ensemble_seed052.pdb,0.7142857142857143,0.7857142857142857,2.6087322,1.5729208,71.42857142857143,78.57142857142857
9NFU,ensemble,9NFU_ensemble_seed053.pdb,0.5,0.7857142857142857,2.413183,2.115908,50.0,78.57142857142857
9NFU,ensemble,9NFU_ensemble_seed054.pdb,0.5,0.7142857142857143,2.9428818,1.9666698,50.0,71.42857142857143
9NFU,ensemble,9NFU_ensemble_seed055.pdb,0.42857142857142855,0.6428571428571429,3.0764928,2.2649379,42.857142857142854,64.28571428571429
9NFU,ensemble,9NFU_ensemble_seed056.pdb,0.5714285714285714,0.7142857142857143,3.0378177,1.7139161,57.14285714285714,71.42857142857143
9NFU,ensemble,9NFU_ensemble_seed057.pdb,0.5714285714285714,0.7857142857142857,2.5937595,1.7219862,57.14285714285714,78.57142857142857
9NFU,ensemble,9NFU_ensemble_seed058.pdb,0.35714285714285715,0.5,3.9159317,2.7654974,35.714285714285715,50.0
9NFU,ensemble,9NFU_ensemble_seed059.pdb,0.5714285714285714,0.7142857142857143,3.054945,1.386155,57.14285714285714,71.42857142857143
9NFU,ensemble,9NFU_ensemble_seed060.pdb,0.5714285714285714,0.7142857142857143,2.3367667,1.3990873,57.14285714285714,71.42857142857143
9NFU,ensemble,9NFU_ensemble_seed061.pdb,0.0,0.0,20.292852,18.73012,0.0,0.0
9NFU,ensemble,9NFU_ensemble_seed062.pdb,0.5,0.5714285714285714,3.412091,2.0387542,50.0,57.14285714285714
9NFU,ensemble,9NFU_ensemble_seed063.pdb,0.5,0.6428571428571429,3.513407,2.2282908,50.0,64.28571428571429
9NFU,ensemble,9NFU_ensemble_seed064.pdb,0.42857142857142855,0.7142857142857143,3.3083274,2.1557899,42.857142857142854,71.42857142857143
9NFU,ensemble,9NFU_ensemble_seed065.pdb,0.5714285714285714,0.7857142857142857,2.7545114,1.6872306,57.14285714285714,78.57142857142857
9NFU,ensemble,9NFU_ensemble_seed066.pdb,0.42857142857142855,0.7142857142857143,3.4678624,2.2803667,42.857142857142854,71.42857142857143
9NFU,ensemble,9NFU_ensemble_seed067.pdb,0.42857142857142855,0.7142857142857143,2.7598808,2.2430258,42.857142857142854,71.42857142857143
9NFU,ensemble,9NFU_ensemble_seed068.pdb,0.7142857142857143,0.7142857142857143,2.5383356,1.1959851,71.42857142857143,71.42857142857143
9NFU,ensemble,9NFU_ensemble_seed069.pdb,0.42857142857142855,0.6428571428571429,3.35807,2.112852,42.857142857142854,64.28571428571429
9NFU,ensemble,9NFU_ensemble_seed070.pdb,0.5714285714285714,0.7142857142857143,2.6144722,1.794853,57.14285714285714,71.42857142857143
9NFU,ensemble,9NFU_ensemble_seed071.pdb,0.5,0.5714285714285714,2.7275093,2.3122132,50.0,57.14285714285714
9NFU,ensemble,9NFU_ensemble_seed072.pdb,0.14285714285714285,0.14285714285714285,4.7662616,5.037944,14.285714285714285,14.285714285714285
9NFU,ensemble,9NFU_ensemble_seed073.pdb,0.35714285714285715,0.7142857142857143,2.730349,2.571948,35.714285714285715,71.42857142857143
9NFU,ensemble,9NFU_ensemble_seed074.pdb,0.5714285714285714,0.5714285714285714,2.5411265,1.834485,57.14285714285714,57.14285714285714
9NFU,ensemble,9NFU_ensemble_seed075.pdb,0.5714285714285714,0.7857142857142857,2.392,1.8670726,57.14285714285714,78.57142857142857
9NFU,ensemble,9NFU_ensemble_seed076.pdb,0.5,0.7142857142857143,2.9215477,2.194091,50.0,71.42857142857143
9NFU,ensemble,9NFU_ensemble_seed077.pdb,0.5,0.7857142857142857,2.8047585,2.1627593,50.0,78.57142857142857
9NFU,ensemble,9NFU_ensemble_seed078.pdb,0.5,0.6428571428571429,3.20184,2.2151604,50.0,64.28571428571429
9NFU,ensemble,9NFU_ensemble_seed079.pdb,0.5,0.7857142857142857,2.6400387,2.03967,50.0,78.57142857142857
9NFU,ensemble,9NFU_ensemble_seed080.pdb,0.5,0.7142857142857143,2.9921615,1.6499124,50.0,71.42857142857143
9NFU,ensemble,9NFU_ensemble_seed081.pdb,0.42857142857142855,0.6428571428571429,3.5308259,2.324511,42.857142857142854,64.28571428571429
9NFU,ensemble,9NFU_ensemble_seed082.pdb,0.5714285714285714,0.7142857142857143,2.985725,1.8724555,57.14285714285714,71.42857142857143
9NFU,ensemble,9NFU_ensemble_seed083.pdb,0.42857142857142855,0.5714285714285714,3.6628625,2.431024,42.857142857142854,57.14285714285714
9NFU,ensemble,9NFU_ensemble_seed084.pdb,0.0,0.0,17.433586,17.389717,0.0,0.0
9NFU,ensemble,9NFU_ensemble_seed085.pdb,0.5714285714285714,0.7857142857142857,2.9253273,1.7644961,57.14285714285714,78.57142857142857
9NFU,ensemble,9NFU_ensemble_seed086.pdb,0.5,0.6428571428571429,2.5812697,2.103603,50.0,64.28571428571429
9NFU,ensemble,9NFU_ensemble_seed087.pdb,0.42857142857142855,0.7857142857142857,2.9433625,2.098062,42.857142857142854,78.57142857142857
9NFU,ensemble,9NFU_ensemble_seed088.pdb,0.42857142857142855,0.8571428571428571,2.2637439,2.1842875,42.857142857142854,85.71428571428571
9NFU,ensemble,9NFU_ensemble_seed089.pdb,0.5714285714285714,0.6428571428571429,3.324644,1.8168242,57.14285714285714,64.28571428571429
9NFU,ensemble,9NFU_ensemble_seed090.pdb,0.6428571428571429,0.7857142857142857,2.3180506,1.7918491,64.28571428571429,78.57142857142857
9NFU,ensemble,9NFU_ensemble_seed091.pdb,0.5,0.7142857142857143,2.921986,1.8979392,50.0,71.42857142857143
9NFU,ensemble,9NFU_ensemble_seed092.pdb,0.5,0.7857142857142857,2.4243581,1.9042828,50.0,78.57142857142857
9NFU,ensemble,9NFU_ensemble_seed093.pdb,0.5,0.7857142857142857,2.6124496,1.707912,50.0,78.57142857142857
9NFU,ensemble,9NFU_ensemble_seed094.pdb,0.42857142857142855,0.6428571428571429,2.9462266,2.6177216,42.857142857142854,64.28571428571429
9NFU,ensemble,9NFU_ensemble_seed095.pdb,0.5,0.7857142857142857,2.4240625,1.8549078,50.0,78.57142857142857
9NFU,ensemble,9NFU_ensemble_seed096.pdb,0.7142857142857143,0.9285714285714286,1.5340871,1.1738999,71.42857142857143,92.85714285714286
9NFU,ensemble,9NFU_ensemble_seed097.pdb,0.5,0.7142857142857143,2.5225933,2.0988872,50.0,71.42857142857143
9NFU,ensemble,9NFU_ensemble_seed098.pdb,0.42857142857142855,0.7857142857142857,3.2462468,2.2134514,42.857142857142854,78.57142857142857
9NFU,ensemble,9NFU_ensemble_seed099.pdb,0.5714285714285714,0.7142857142857143,3.0430923,1.3988233,57.14285714285714,71.42857142857143
9NH7,baseline,9NH7_baseline_001.pdb,0.6666666666666666,0.8,2.0282526,1.6527336,66.66666666666666,80.0
9NH7,baseline,9NH7_baseline_002.pdb,0.8,0.8666666666666667,1.4094622,1.0859175,80.0,86.66666666666667
9NH7,baseline,9NH7_baseline_003.pdb,0.6666666666666666,0.8666666666666667,1.8593566,1.6760083,66.66666666666666,86.66666666666667
9NH7,baseline,9NH7_baseline_004.pdb,0.6666666666666666,0.8,2.2266405,1.7015787,66.66666666666666,80.0
9NH7,baseline,9NH7_baseline_005.pdb,0.4,0.8,2.4047425,2.0924132,40.0,80.0
9NH7,baseline,9NH7_baseline_006.pdb,0.6666666666666666,0.8,2.173753,1.7275432,66.66666666666666,80.0
9NH7,baseline,9NH7_baseline_007.pdb,0.6666666666666666,0.8,2.1481955,1.7206074,66.66666666666666,80.0
9NH7,baseline,9NH7_baseline_008.pdb,0.6,0.8,2.1357722,1.6511793,60.0,80.0
9NH7,baseline,9NH7_baseline_009.pdb,0.6,0.8,2.097816,1.5385059,60.0,80.0
9NH7,baseline,9NH7_baseline_010.pdb,0.9333333333333333,1.0,1.5248739,1.5914538,93.33333333333333,100.0
9NH7,baseline,9NH7_baseline_011.pdb,0.7333333333333333,0.8666666666666667,1.6606221,1.285031,73.33333333333333,86.66666666666667
9NH7,baseline,9NH7_baseline_012.pdb,0.6666666666666666,0.8,2.2163527,1.6897483,66.66666666666666,80.0
9NH7,baseline,9NH7_baseline_013.pdb,0.8,0.8666666666666667,1.3996603,0.91276187,80.0,86.66666666666667
9NH7,baseline,9NH7_baseline_014.pdb,0.4,0.8,2.4361837,2.0924592,40.0,80.0
9NH7,baseline,9NH7_baseline_015.pdb,0.2,0.8,2.6198683,2.2009406,20.0,80.0
9NH7,baseline,9NH7_baseline_016.pdb,0.6,0.8,2.2420793,1.8582379,60.0,80.0
9NH7,baseline,9NH7_baseline_017.pdb,0.6666666666666666,0.8,2.2684784,1.8751343,66.66666666666666,80.0
9NH7,baseline,9NH7_baseline_018.pdb,0.6666666666666666,0.8,2.1421106,1.6294931,66.66666666666666,80.0
9NH7,baseline,9NH7_baseline_019.pdb,0.8,0.8666666666666667,1.6686459,1.2524347,80.0,86.66666666666667
9NH7,baseline,9NH7_baseline_020.pdb,0.6666666666666666,0.8,2.1238613,1.6204541,66.66666666666666,80.0
9NH7,baseline,9NH7_baseline_021.pdb,0.8,0.8666666666666667,1.647361,1.3431716,80.0,86.66666666666667
9NH7,baseline,9NH7_baseline_022.pdb,0.5333333333333333,0.8,2.4946856,1.9994514,53.333333333333336,80.0
9NH7,baseline,9NH7_baseline_023.pdb,0.6666666666666666,0.8,2.173753,1.7275432,66.66666666666666,80.0
9NH7,baseline,9NH7_baseline_024.pdb,0.7333333333333333,0.8666666666666667,1.7399879,1.5229058,73.33333333333333,86.66666666666667
9NH7,baseline,9NH7_baseline_025.pdb,0.7333333333333333,0.8666666666666667,1.6601708,1.2804061,73.33333333333333,86.66666666666667
9NH7,baseline,9NH7_baseline_026.pdb,0.6,0.8,2.2534125,1.7593286,60.0,80.0
9NH7,baseline,9NH7_baseline_027.pdb,0.5333333333333333,0.8,2.398637,1.7782514,53.333333333333336,80.0
9NH7,baseline,9NH7_baseline_028.pdb,0.13333333333333333,0.6,2.8970702,2.5011983,13.333333333333334,60.0
9NH7,baseline,9NH7_baseline_029.pdb,0.26666666666666666,0.8,2.604926,2.1631603,26.666666666666668,80.0
9NH7,baseline,9NH7_baseline_030.pdb,0.6666666666666666,0.8,2.2684784,1.8751343,66.66666666666666,80.0
9NH7,baseline,9NH7_baseline_031.pdb,0.6,0.8,2.1284723,1.621219,60.0,80.0
9NH7,baseline,9NH7_baseline_032.pdb,0.5333333333333333,0.8,2.2366943,1.7388877,53.333333333333336,80.0
9NH7,baseline,9NH7_baseline_033.pdb,0.6666666666666666,0.8,2.1529136,1.6600301,66.66666666666666,80.0
9NH7,baseline,9NH7_baseline_034.pdb,0.8,0.8666666666666667,1.493255,1.0767579,80.0,86.66666666666667
9NH7,baseline,9NH7_baseline_035.pdb,0.6666666666666666,0.8,2.1367962,1.7176661,66.66666666666666,80.0
9NH7,baseline,9NH7_baseline_036.pdb,0.8,0.8666666666666667,1.5156174,1.0507033,80.0,86.66666666666667
9NH7,baseline,9NH7_baseline_037.pdb,0.6666666666666666,0.8,2.1225164,1.588019,66.66666666666666,80.0
9NH7,baseline,9NH7_baseline_038.pdb,0.6,0.8,2.1379364,1.5903789,60.0,80.0
9NH7,baseline,9NH7_baseline_039.pdb,0.8,0.8,1.895039,1.4209949,80.0,80.0
9NH7,baseline,9NH7_baseline_040.pdb,0.7333333333333333,0.8666666666666667,1.6477443,1.4114745,73.33333333333333,86.66666666666667
9NH7,baseline,9NH7_baseline_041.pdb,0.8,0.8666666666666667,1.4982066,1.1592774,80.0,86.66666666666667
9NH7,baseline,9NH7_baseline_042.pdb,0.8,0.8,2.0572214,1.5908537,80.0,80.0
9NH7,baseline,9NH7_baseline_043.pdb,0.8,0.8666666666666667,1.6595092,1.3801608,80.0,86.66666666666667
9NH7,baseline,9NH7_baseline_044.pdb,0.6666666666666666,0.8,2.129435,1.594297,66.66666666666666,80.0
9NH7,baseline,9NH7_baseline_045.pdb,0.7333333333333333,0.8666666666666667,1.7347293,1.6247923,73.33333333333333,86.66666666666667
9NH7,baseline,9NH7_baseline_046.pdb,0.2,0.7333333333333333,2.8192961,2.3816667,20.0,73.33333333333333
9NH7,baseline,9NH7_baseline_047.pdb,0.8,0.8666666666666667,1.4713687,1.0995181,80.0,86.66666666666667
9NH7,baseline,9NH7_baseline_048.pdb,0.6,0.8,2.1969502,1.7610469,60.0,80.0
9NH7,baseline,9NH7_baseline_049.pdb,0.8,0.8666666666666667,1.5745947,1.2687968,80.0,86.66666666666667
9NH7,baseline,9NH7_baseline_050.pdb,0.8,0.8666666666666667,1.6616037,1.3386408,80.0,86.66666666666667
9NH7,baseline,9NH7_baseline_051.pdb,0.3333333333333333,0.8,2.557295,2.1807597,33.33333333333333,80.0
9NH7,baseline,9NH7_baseline_052.pdb,0.4,0.8,2.479799,2.1394727,40.0,80.0
9NH7,baseline,9NH7_baseline_053.pdb,0.6666666666666666,0.8,2.1862416,1.6511976,66.66666666666666,80.0
9NH7,baseline,9NH7_baseline_054.pdb,0.7333333333333333,0.9333333333333333,1.729762,1.5152303,73.33333333333333,93.33333333333333
9NH7,baseline,9NH7_baseline_055.pdb,0.13333333333333333,0.8,2.7969732,2.3178463,13.333333333333334,80.0
9NH7,baseline,9NH7_baseline_056.pdb,0.8,0.8666666666666667,1.515253,1.1369153,80.0,86.66666666666667
9NH7,baseline,9NH7_baseline_057.pdb,0.8,0.8666666666666667,1.6080649,1.2495904,80.0,86.66666666666667
9NH7,baseline,9NH7_baseline_058.pdb,0.7333333333333333,0.8666666666666667,1.581175,1.3918561,73.33333333333333,86.66666666666667
9NH7,baseline,9NH7_baseline_059.pdb,0.5333333333333333,0.8,2.3707528,1.954182,53.333333333333336,80.0
9NH7,baseline,9NH7_baseline_060.pdb,0.8,0.9333333333333333,1.5232395,1.2695224,80.0,93.33333333333333
9NH7,baseline,9NH7_baseline_061.pdb,0.13333333333333333,0.26666666666666666,8.461453,6.3777432,13.333333333333334,26.666666666666668
9NH7,baseline,9NH7_baseline_062.pdb,0.8,0.8666666666666667,1.4594077,1.0615201,80.0,86.66666666666667
9NH7,baseline,9NH7_baseline_063.pdb,0.6,0.8,2.2499888,1.7046204,60.0,80.0
9NH7,baseline,9NH7_baseline_064.pdb,0.6,0.8,2.181527,1.6654825,60.0,80.0
9NH7,baseline,9NH7_baseline_065.pdb,0.8,0.8666666666666667,1.6469461,1.1669844,80.0,86.66666666666667
9NH7,baseline,9NH7_baseline_066.pdb,0.4,0.8,2.4047425,2.0924132,40.0,80.0
9NH7,baseline,9NH7_baseline_067.pdb,0.8,0.8666666666666667,1.6149498,1.2706811,80.0,86.66666666666667
9NH7,baseline,9NH7_baseline_068.pdb,0.4,0.5333333333333333,2.7289329,2.94499,40.0,53.333333333333336
9NH7,baseline,9NH7_baseline_069.pdb,0.8,0.8666666666666667,1.5330545,1.1855414,80.0,86.66666666666667
9NH7,baseline,9NH7_baseline_070.pdb,0.3333333333333333,0.8,2.5881445,2.2983115,33.33333333333333,80.0
9NH7,baseline,9NH7_baseline_071.pdb,0.7333333333333333,0.8666666666666667,1.6120636,1.3707671,73.33333333333333,86.66666666666667
9NH7,baseline,9NH7_baseline_072.pdb,0.7333333333333333,0.8666666666666667,1.8028913,1.463655,73.33333333333333,86.66666666666667
9NH7,baseline,9NH7_baseline_073.pdb,0.26666666666666666,0.8,2.4823406,2.0684361,26.666666666666668,80.0
9NH7,baseline,9NH7_baseline_074.pdb,0.8,0.8666666666666667,1.5247658,1.2018176,80.0,86.66666666666667
9NH7,baseline,9NH7_baseline_075.pdb,0.8,0.8666666666666667,1.6808285,1.4605141,80.0,86.66666666666667
9NH7,baseline,9NH7_baseline_076.pdb,0.7333333333333333,0.8,1.6366248,1.3188839,73.33333333333333,80.0
9NH7,baseline,9NH7_baseline_077.pdb,0.8,0.8666666666666667,1.5511477,1.25755,80.0,86.66666666666667
9NH7,baseline,9NH7_baseline_078.pdb,0.8,0.8666666666666667,1.5330132,1.1700461,80.0,86.66666666666667
9NH7,baseline,9NH7_baseline_079.pdb,0.8,0.8,1.6695383,1.3580594,80.0,80.0
9NH7,baseline,9NH7_baseline_080.pdb,0.5333333333333333,0.8,2.330436,1.8946326,53.333333333333336,80.0
9NH7,baseline,9NH7_baseline_081.pdb,0.8,0.8,1.7606852,1.4577789,80.0,80.0
9NH7,baseline,9NH7_baseline_082.pdb,0.6,0.8,2.315103,1.8401703,60.0,80.0
9NH7,baseline,9NH7_baseline_083.pdb,0.8,0.8666666666666667,1.617829,1.360923,80.0,86.66666666666667
9NH7,baseline,9NH7_baseline_084.pdb,0.8,0.8666666666666667,1.5141983,1.1321224,80.0,86.66666666666667
9NH7,baseline,9NH7_baseline_085.pdb,0.3333333333333333,0.8,2.5205405,2.1785197,33.33333333333333,80.0
9NH7,baseline,9NH7_baseline_086.pdb,0.6666666666666666,0.8,2.2684784,1.8751343,66.66666666666666,80.0
9NH7,baseline,9NH7_baseline_087.pdb,0.6,0.8,2.1660926,1.6213715,60.0,80.0
9NH7,baseline,9NH7_baseline_088.pdb,0.8,0.8666666666666667,1.5563749,1.2129374,80.0,86.66666666666667
9NH7,baseline,9NH7_baseline_089.pdb,0.2,0.7333333333333333,2.7560506,2.359317,20.0,73.33333333333333
9NH7,baseline,9NH7_baseline_090.pdb,0.7333333333333333,0.9333333333333333,1.635454,1.4544598,73.33333333333333,93.33333333333333
9NH7,baseline,9NH7_baseline_091.pdb,0.3333333333333333,0.8,2.6063833,2.2185035,33.33333333333333,80.0
9NH7,baseline,9NH7_baseline_092.pdb,0.6,0.8,2.241242,1.8558524,60.0,80.0
9NH7,baseline,9NH7_baseline_093.pdb,0.8,0.8666666666666667,1.6175891,1.2328368,80.0,86.66666666666667
9NH7,baseline,9NH7_baseline_094.pdb,0.8,0.8666666666666667,1.5615494,1.2333745,80.0,86.66666666666667
9NH7,baseline,9NH7_baseline_095.pdb,0.6666666666666666,0.8,2.1149588,1.6686337,66.66666666666666,80.0
9NH7,baseline,9NH7_baseline_096.pdb,0.8,0.8666666666666667,1.4741447,1.0668662,80.0,86.66666666666667
9NH7,baseline,9NH7_baseline_097.pdb,0.6,0.8,2.2239316,1.5772885,60.0,80.0
9NH7,baseline,9NH7_baseline_098.pdb,0.6,0.8,2.2671204,1.6790566,60.0,80.0
9NH7,baseline,9NH7_baseline_099.pdb,0.6,0.8,2.263346,1.7407782,60.0,80.0
9NH7,baseline,9NH7_baseline_100.pdb,0.4,0.8,2.4505713,2.0962956,40.0,80.0
9NH7,ensemble,9NH7_ensemble_seed000.pdb,0.7333333333333333,0.7333333333333333,1.9745309,0.96676546,73.33333333333333,73.33333333333333
9NH7,ensemble,9NH7_ensemble_seed001.pdb,0.13333333333333333,0.13333333333333333,11.616816,9.255116,13.333333333333334,13.333333333333334
9NH7,ensemble,9NH7_ensemble_seed002.pdb,0.8,0.8,1.7900282,1.112986,80.0,80.0
9NH7,ensemble,9NH7_ensemble_seed003.pdb,0.2,0.4666666666666667,3.501815,3.1348832,20.0,46.666666666666664
9NH7,ensemble,9NH7_ensemble_seed004.pdb,0.8,0.8,1.5482104,0.66932744,80.0,80.0
9NH7,ensemble,9NH7_ensemble_seed005.pdb,0.6666666666666666,0.7333333333333333,2.6782775,1.7792063,66.66666666666666,73.33333333333333
9NH7,ensemble,9NH7_ensemble_seed006.pdb,0.4666666666666667,0.8,2.7459104,2.1159756,46.666666666666664,80.0
9NH7,ensemble,9NH7_ensemble_seed007.pdb,0.13333333333333333,0.13333333333333333,8.000164,6.09428,13.333333333333334,13.333333333333334
9NH7,ensemble,9NH7_ensemble_seed008.pdb,0.6,0.8,2.5660596,1.6140819,60.0,80.0
9NH7,ensemble,9NH7_ensemble_seed009.pdb,0.13333333333333333,0.2,9.095645,7.0795903,13.333333333333334,20.0
9NH7,ensemble,9NH7_ensemble_seed010.pdb,0.6,0.8,2.0286584,1.575027,60.0,80.0
9NH7,ensemble,9NH7_ensemble_seed011.pdb,0.06666666666666667,0.26666666666666666,7.6469007,5.439223,6.666666666666667,26.666666666666668
9NH7,ensemble,9NH7_ensemble_seed012.pdb,0.06666666666666667,0.2,8.494129,6.275672,6.666666666666667,20.0
9NH7,ensemble,9NH7_ensemble_seed013.pdb,0.13333333333333333,0.2,8.081152,6.6746593,13.333333333333334,20.0
9NH7,ensemble,9NH7_ensemble_seed014.pdb,0.13333333333333333,0.2,7.3845935,5.1309953,13.333333333333334,20.0
9NH7,ensemble,9NH7_ensemble_seed015.pdb,0.7333333333333333,0.8,2.2183845,1.1622893,73.33333333333333,80.0
9NH7,ensemble,9NH7_ensemble_seed016.pdb,0.8,0.8,1.9157628,1.1283234,80.0,80.0
9NH7,ensemble,9NH7_ensemble_seed017.pdb,0.7333333333333333,0.8,2.3150826,1.2344729,73.33333333333333,80.0
9NH7,ensemble,9NH7_ensemble_seed018.pdb,0.8,0.8666666666666667,1.8113714,1.0215007,80.0,86.66666666666667
9NH7,ensemble,9NH7_ensemble_seed019.pdb,0.06666666666666667,0.26666666666666666,8.806978,7.3524365,6.666666666666667,26.666666666666668
9NH7,ensemble,9NH7_ensemble_seed020.pdb,0.06666666666666667,0.13333333333333333,7.506183,8.778482,6.666666666666667,13.333333333333334
9NH7,ensemble,9NH7_ensemble_seed021.pdb,0.13333333333333333,0.2,8.257474,6.3825016,13.333333333333334,20.0
9NH7,ensemble,9NH7_ensemble_seed022.pdb,0.7333333333333333,0.8,2.2592354,1.1932402,73.33333333333333,80.0
9NH7,ensemble,9NH7_ensemble_seed023.pdb,0.8,0.8666666666666667,1.9694546,1.2718378,80.0,86.66666666666667
9NH7,ensemble,9NH7_ensemble_seed024.pdb,0.6666666666666666,0.9333333333333333,1.5981919,1.2460021,66.66666666666666,93.33333333333333
9NH7,ensemble,9NH7_ensemble_seed025.pdb,0.2,0.3333333333333333,6.3288217,5.934765,20.0,33.33333333333333
9NH7,ensemble,9NH7_ensemble_seed026.pdb,0.26666666666666666,0.4,3.416122,3.4212098,26.666666666666668,40.0
9NH7,ensemble,9NH7_ensemble_seed027.pdb,0.7333333333333333,0.7333333333333333,2.1831257,1.0750866,73.33333333333333,73.33333333333333
9NH7,ensemble,9NH7_ensemble_seed028.pdb,0.2,0.2,7.7424226,5.728569,20.0,20.0
9NH7,ensemble,9NH7_ensemble_seed029.pdb,0.13333333333333333,0.3333333333333333,6.7575517,6.477187,13.333333333333334,33.33333333333333
9NH7,ensemble,9NH7_ensemble_seed030.pdb,0.13333333333333333,0.26666666666666666,4.0747104,4.2119765,13.333333333333334,26.666666666666668
9NH7,ensemble,9NH7_ensemble_seed031.pdb,0.6666666666666666,0.7333333333333333,1.9342474,1.1509899,66.66666666666666,73.33333333333333
9NH7,ensemble,9NH7_ensemble_seed032.pdb,0.13333333333333333,0.13333333333333333,6.809499,5.239771,13.333333333333334,13.333333333333334
9NH7,ensemble,9NH7_ensemble_seed033.pdb,0.7333333333333333,0.7333333333333333,1.9322845,1.1210871,73.33333333333333,73.33333333333333
9NH7,ensemble,9NH7_ensemble_seed034.pdb,0.8,0.9333333333333333,1.4095346,1.2909472,80.0,93.33333333333333
9NH7,ensemble,9NH7_ensemble_seed035.pdb,0.4,0.5333333333333333,3.2480886,2.8127048,40.0,53.333333333333336
9NH7,ensemble,9NH7_ensemble_seed036.pdb,0.6,0.7333333333333333,2.549767,1.5137618,60.0,73.33333333333333
9NH7,ensemble,9NH7_ensemble_seed037.pdb,0.06666666666666667,0.13333333333333333,8.468313,6.512119,6.666666666666667,13.333333333333334
9NH7,ensemble,9NH7_ensemble_seed038.pdb,0.7333333333333333,0.7333333333333333,2.5393727,1.5182382,73.33333333333333,73.33333333333333
9NH7,ensemble,9NH7_ensemble_seed039.pdb,0.4666666666666667,0.8,2.7324083,2.049549,46.666666666666664,80.0
9NH7,ensemble,9NH7_ensemble_seed040.pdb,0.8666666666666667,0.8666666666666667,1.3572503,1.1169606,86.66666666666667,86.66666666666667
9NH7,ensemble,9NH7_ensemble_seed041.pdb,0.06666666666666667,0.2,8.877867,7.2827682,6.666666666666667,20.0
9NH7,ensemble,9NH7_ensemble_seed042.pdb,0.8,1.0,1.461878,1.5533862,80.0,100.0
9NH7,ensemble,9NH7_ensemble_seed043.pdb,0.6,0.8,2.6714902,1.9849039,60.0,80.0
9NH7,ensemble,9NH7_ensemble_seed044.pdb,0.2,0.3333333333333333,6.1376696,4.643184,20.0,33.33333333333333
9NH7,ensemble,9NH7_ensemble_seed045.pdb,0.8,0.8,1.6354383,1.0797496,80.0,80.0
9NH7,ensemble,9NH7_ensemble_seed046.pdb,0.8,0.9333333333333333,1.364529,0.8640922,80.0,93.33333333333333
9NH7,ensemble,9NH7_ensemble_seed047.pdb,0.7333333333333333,0.8,1.8584933,0.83125633,73.33333333333333,80.0
9NH7,ensemble,9NH7_ensemble_seed048.pdb,0.06666666666666667,0.13333333333333333,9.236236,8.07717,6.666666666666667,13.333333333333334
9NH7,ensemble,9NH7_ensemble_seed049.pdb,0.7333333333333333,0.8666666666666667,1.7647699,1.5866021,73.33333333333333,86.66666666666667
9NH7,ensemble,9NH7_ensemble_seed050.pdb,0.2,0.3333333333333333,6.383669,5.916489,20.0,33.33333333333333
9NH7,ensemble,9NH7_ensemble_seed051.pdb,0.13333333333333333,0.26666666666666666,7.1395507,5.385004,13.333333333333334,26.666666666666668
9NH7,ensemble,9NH7_ensemble_seed052.pdb,0.06666666666666667,0.26666666666666666,7.8023477,6.060676,6.666666666666667,26.666666666666668
9NH7,ensemble,9NH7_ensemble_seed053.pdb,0.8,0.8,1.8638867,1.1213069,80.0,80.0
9NH7,ensemble,9NH7_ensemble_seed054.pdb,0.6666666666666666,0.8,2.3584063,1.4586997,66.66666666666666,80.0
9NH7,ensemble,9NH7_ensemble_seed055.pdb,0.13333333333333333,0.3333333333333333,3.8129,4.0302324,13.333333333333334,33.33333333333333
9NH7,ensemble,9NH7_ensemble_seed056.pdb,0.0,0.2,8.154687,6.666974,0.0,20.0
9NH7,ensemble,9NH7_ensemble_seed057.pdb,0.8,0.8,1.6577601,1.004585,80.0,80.0
9NH7,ensemble,9NH7_ensemble_seed058.pdb,0.0,0.26666666666666666,9.192735,7.5222917,0.0,26.666666666666668
9NH7,ensemble,9NH7_ensemble_seed059.pdb,0.06666666666666667,0.2,8.88998,7.1230383,6.666666666666667,20.0
9NH7,ensemble,9NH7_ensemble_seed060.pdb,0.06666666666666667,0.2,8.8420105,7.298126,6.666666666666667,20.0
9NH7,ensemble,9NH7_ensemble_seed061.pdb,0.8,0.8,1.609456,0.8834407,80.0,80.0
9NH7,ensemble,9NH7_ensemble_seed062.pdb,0.6666666666666666,0.9333333333333333,1.6417537,1.6233417,66.66666666666666,93.33333333333333
9NH7,ensemble,9NH7_ensemble_seed063.pdb,0.06666666666666667,0.26666666666666666,7.624064,5.4505844,6.666666666666667,26.666666666666668
9NH7,ensemble,9NH7_ensemble_seed064.pdb,0.7333333333333333,0.8,1.9981129,0.9824509,73.33333333333333,80.0
9NH7,ensemble,9NH7_ensemble_seed065.pdb,0.6666666666666666,0.8,2.4645705,1.8790647,66.66666666666666,80.0
9NH7,ensemble,9NH7_ensemble_seed066.pdb,0.5333333333333333,0.8,2.6095188,1.9145048,53.333333333333336,80.0
9NH7,ensemble,9NH7_ensemble_seed067.pdb,0.8,0.9333333333333333,1.6114452,1.595979,80.0,93.33333333333333
9NH7,ensemble,9NH7_ensemble_seed068.pdb,0.2,0.26666666666666666,8.605755,6.899479,20.0,26.666666666666668
9NH7,ensemble,9NH7_ensemble_seed069.pdb,0.06666666666666667,0.2,8.109728,6.210565,6.666666666666667,20.0
9NH7,ensemble,9NH7_ensemble_seed070.pdb,0.2,0.4666666666666667,2.8936093,3.0905693,20.0,46.666666666666664
9NH7,ensemble,9NH7_ensemble_seed071.pdb,0.8,0.9333333333333333,1.6872762,1.3120111,80.0,93.33333333333333
9NH7,ensemble,9NH7_ensemble_seed072.pdb,0.8,0.8,1.845484,1.0020278,80.0,80.0
9NH7,ensemble,9NH7_ensemble_seed073.pdb,0.6,0.8,2.3582616,1.7817025,60.0,80.0
9NH7,ensemble,9NH7_ensemble_seed074.pdb,0.13333333333333333,0.2,7.5210843,5.8824944,13.333333333333334,20.0
9NH7,ensemble,9NH7_ensemble_seed075.pdb,0.06666666666666667,0.2,8.409539,6.662424,6.666666666666667,20.0
9NH7,ensemble,9NH7_ensemble_seed076.pdb,0.6666666666666666,0.7333333333333333,2.0628839,1.6368623,66.66666666666666,73.33333333333333
9NH7,ensemble,9NH7_ensemble_seed077.pdb,0.6666666666666666,0.8,2.2301786,1.4171889,66.66666666666666,80.0
9NH7,ensemble,9NH7_ensemble_seed078.pdb,0.13333333333333333,0.13333333333333333,7.4314938,6.7458615,13.333333333333334,13.333333333333334
9NH7,ensemble,9NH7_ensemble_seed079.pdb,0.13333333333333333,0.26666666666666666,3.4979098,3.485047,13.333333333333334,26.666666666666668
9NH7,ensemble,9NH7_ensemble_seed080.pdb,0.2,0.2,7.5877748,5.905735,20.0,20.0
9NH7,ensemble,9NH7_ensemble_seed081.pdb,0.13333333333333333,0.13333333333333333,7.671677,6.685316,13.333333333333334,13.333333333333334
9NH7,ensemble,9NH7_ensemble_seed082.pdb,0.6666666666666666,0.8,1.7621697,1.4759942,66.66666666666666,80.0
9NH7,ensemble,9NH7_ensemble_seed083.pdb,0.8,0.8,1.8237324,1.2265637,80.0,80.0
9NH7,ensemble,9NH7_ensemble_seed084.pdb,0.2,0.26666666666666666,8.777909,6.6237226,20.0,26.666666666666668
9NH7,ensemble,9NH7_ensemble_seed085.pdb,0.06666666666666667,0.2,8.463516,6.681054,6.666666666666667,20.0
9NH7,ensemble,9NH7_ensemble_seed086.pdb,0.06666666666666667,0.13333333333333333,7.446126,4.913448,6.666666666666667,13.333333333333334
9NH7,ensemble,9NH7_ensemble_seed087.pdb,0.6,0.8,2.3940365,1.9459776,60.0,80.0
9NH7,ensemble,9NH7_ensemble_seed088.pdb,0.2,0.26666666666666666,7.963728,5.8324723,20.0,26.666666666666668
9NH7,ensemble,9NH7_ensemble_seed089.pdb,0.3333333333333333,0.7333333333333333,2.8170514,2.4237897,33.33333333333333,73.33333333333333
9NH7,ensemble,9NH7_ensemble_seed090.pdb,0.13333333333333333,0.13333333333333333,7.9343543,5.889123,13.333333333333334,13.333333333333334
9NH7,ensemble,9NH7_ensemble_seed091.pdb,0.06666666666666667,0.26666666666666666,8.847059,6.890438,6.666666666666667,26.666666666666668
9NH7,ensemble,9NH7_ensemble_seed092.pdb,0.6666666666666666,0.8,2.45544,1.6675495,66.66666666666666,80.0
9NH7,ensemble,9NH7_ensemble_seed093.pdb,0.7333333333333333,0.8,2.1147573,0.99225277,73.33333333333333,80.0
9NH7,ensemble,9NH7_ensemble_seed094.pdb,0.06666666666666667,0.2,8.927912,7.314258,6.666666666666667,20.0
9NH7,ensemble,9NH7_ensemble_seed095.pdb,0.5333333333333333,0.8,2.6494615,1.9976175,53.333333333333336,80.0
9NH7,ensemble,9NH7_ensemble_seed096.pdb,0.7333333333333333,0.7333333333333333,1.827056,1.0711414,73.33333333333333,73.33333333333333
9NH7,ensemble,9NH7_ensemble_seed097.pdb,0.06666666666666667,0.2,8.009607,5.9756985,6.666666666666667,20.0
9NH7,ensemble,9NH7_ensemble_seed098.pdb,0.8,0.8,1.7854245,0.9521318,80.0,80.0
9NH7,ensemble,9NH7_ensemble_seed099.pdb,0.06666666666666667,0.3333333333333333,4.81356,4.7282896,6.666666666666667,33.33333333333333
