group,design_number,H_framework_original_RMSD,H_framework_filtered_RMSD,H1_RMSD,H1_pairs,H1_original_alignment_RMSD,H2_RMSD,H2_pairs,H2_original_alignment_RMSD,H3_RMSD,H3_pairs,H3_original_alignment_RMSD,L_framework_original_RMSD,L1_RMSD,L1_pairs,L2_RMSD,L2_pairs,L3_RMSD,L3_pairs
baseline,1,5.372466886696398,2.334121890727028,1.4277204787652291,8,1.6399138982637633,1.6647313724978716,8,1.559390149564747,3.1984652100786923,14,4.00448569138513,1.8570308854224786,2.822295784995429,3,1.8481431702729887,3,1.954833960689519,10
baseline,2,5.366746589042033,2.329461237822708,1.4902519096303748,8,1.7190315671793777,1.7122158557820688,8,1.6922623970268638,3.1990053207503597,14,3.9172048258945114,1.8660119930166568,2.745723880004243,3,1.8507636698028578,3,1.9666986632132095,10
baseline,3,5.370072640032447,2.3332718873747034,1.466898748162671,8,1.71594998965936,1.5932406229844893,8,1.6506717983093464,3.1579870765972764,14,3.9393019270865777,1.8681996335046385,2.856664487731389,3,1.9825504701037273,3,0.9782652471758659,10
baseline,4,5.368264998390505,2.3296754711615564,1.5497550765801322,8,1.7754295957760466,1.7179557003203443,8,1.7517499473656102,3.20226127663635,14,3.897359237957769,1.8665637306567013,2.861904861043767,3,1.9039587394819586,3,1.1172044104723442,10
baseline,5,5.370682827961732,2.3338685760345474,1.4977544878422677,8,1.7285527809060317,1.6680775900273228,8,1.7131591670156148,3.3277189607706035,14,4.0328035408119565,1.8623188125604453,2.837571234754443,3,1.762219870700762,3,1.9568604694747185,10
baseline,6,5.3692866982008125,2.3307628099162674,1.5372485851587925,8,1.7627935466616236,1.7765468363555734,8,1.7582620855818294,3.215883243409174,14,3.9159468064423004,1.874217719023855,2.806259408075331,3,1.8479392056195938,3,1.1090581093004752,10
baseline,7,5.370528702542467,2.332543331506728,1.394945005673068,8,1.6454703826958195,1.5964179069024174,8,1.6538421857457462,3.0083016323030787,14,3.7899716431855395,1.8795479516302551,2.854335661934327,3,1.9785541626694172,3,1.6443458888996174,10
baseline,8,5.368901149153702,2.3299027288897416,1.5164177842651503,8,1.7361381095357094,1.7973769535893616,8,1.8350518539997918,3.233357679941416,14,3.9387517632607585,1.8691731964927591,2.7503119907301676,3,1.8647816482157475,3,1.8840277786671389,10
baseline,9,5.369387047780511,2.332616282474276,1.450148271960779,8,1.7011403471063158,1.5449639682298482,8,1.6137277984974014,3.152659150049922,14,3.9361369962663293,1.867668359651578,2.844587386323203,3,1.9958813354375067,3,1.0718108045519594,10
baseline,10,5.369673469878281,2.3311924933908674,1.4888813941645163,8,1.7032733451654944,1.6164482061167005,8,1.6885190134000285,3.228846144444391,14,3.928316808081631,1.8676323132761576,2.879773095511303,3,1.9067655332273294,3,0.9763965894032358,10
baseline,11,5.370054860823683,2.3341783652192407,1.464155107969875,8,1.7163896978374509,1.5970884785926625,8,1.658482715399227,3.173460232910301,14,3.9557349112850897,1.8616198618110684,2.8881277571360155,3,1.8782993390989244,3,1.0184750913524683,10
baseline,12,5.370809807797078,2.3337556022388206,1.5409300160486334,8,1.7436271545619695,1.7100632957166444,8,1.7348619559224276,3.137744136065735,14,3.896045552052428,1.8631879154578215,2.8614252554539634,3,1.8742555632640696,3,0.9257341188275601,10
baseline,13,5.369459452218111,2.333923419469337,1.4011484331758475,8,1.629781369691766,1.5384355647635441,8,1.5826783553103083,3.1903974955829293,14,3.945497126776969,1.869616473133655,2.723804315658511,3,1.9326026058800343,3,1.9612500909912653,10
baseline,14,5.366716817710618,2.328166817309801,1.544214258560809,8,1.7703682949955388,1.7112353763825823,8,1.7382094505778185,3.3045050043757125,14,3.996358536058421,1.86523089023655,2.858735760655271,3,1.7355914107160477,3,1.852276529407235,10
baseline,15,5.36868226802188,2.3296484643314175,1.4992436662375122,8,1.6997124521928952,1.6196985189311712,8,1.6845048977207966,3.132453656657306,14,3.8383724984219456,1.8714189412944735,2.8250909171352787,3,1.8633299527644143,3,1.127934107215435,10
baseline,16,5.370481517957456,2.3338115078850787,1.4388741344791367,8,1.6646378848732524,1.6128111285313689,8,1.584087252726014,3.1465030794691327,14,3.925568486744814,1.8638639287599084,2.7363939670931074,3,2.133492765035065,3,1.018628877180645,10
baseline,17,5.370598261707353,2.3330087580309185,1.4523631089518394,8,1.7005387481816217,1.563964634254462,8,1.6008776076897957,3.1970189206402906,14,3.988616142802291,1.8590899964224772,2.903496526669877,3,1.9083086886894665,3,1.122719544037285,10
baseline,18,5.369428664967874,2.330741226832046,1.4123592679995443,8,1.6366447298853095,1.5515133603672069,8,1.6291991547184586,3.208908290925697,14,3.92831203247973,1.872101741436359,2.6692708310112354,3,1.8427354871998598,3,1.9474010576756937,10
baseline,19,5.373049296940159,2.335072709946225,1.4289135339965544,8,1.6363651065940517,1.5850421745144891,8,1.555639757831632,3.068872677786489,14,3.898446654306628,1.869701564707217,2.7829041862320523,3,1.9623757642906918,3,1.1843139536630722,10
baseline,20,5.370545575443387,2.3337437067196323,1.4588425207267,8,1.7078692340475607,1.6135177376370355,8,1.661042697555877,3.215460914236382,14,3.9550745284542703,1.8649499993962093,2.9147032624081826,3,1.936585869738724,3,1.0681436270081854,10
baseline,21,5.36679769292287,2.329434667488283,1.414678957781966,8,1.6589880687580338,1.57143437443624,8,1.6162127599003593,3.2681135369847496,14,3.980555397236697,1.8607848441258852,2.8249383659915432,3,1.785762005473049,3,2.0414728852643664,10
baseline,22,5.368999421098817,2.3301387205094293,1.5445857566518615,8,1.7604857983581417,1.7324750453875315,8,1.747410165022506,3.0903767954012893,14,3.8507160799496956,1.87664721446935,2.8982080052157153,3,1.9832903795247356,3,0.8433384075845267,10
baseline,23,5.369310975820563,2.3310979818302817,1.515689883810936,8,1.732095737844919,1.5814636380186273,8,1.617663040538245,3.235578577024444,14,3.961132048652798,1.8693528559741253,2.735822151812874,3,1.8926178525521853,3,1.8438640198762248,10
baseline,24,5.3692581848442495,2.33166467369374,1.4835127875714624,8,1.7119841198205765,1.5644051145756483,8,1.6345377236847867,3.1674372418847585,14,3.8638347639121484,1.8689420921442115,2.8301937208875776,3,1.8991785768046219,3,1.0086109989082233,10
baseline,25,5.368581475509203,2.3309530372050364,1.5029638809681067,8,1.7279208513070075,1.6576783968039872,8,1.7192558103518762,3.1837729131756913,14,3.8897572256298925,1.8713956664304965,2.797661498891193,3,1.8508721860941513,3,1.0410447776395122,10
baseline,26,5.3720962443510825,2.332451452976214,1.393676504256467,8,1.5695557680200714,1.439723777490554,8,1.490361279202453,3.1468617216394486,14,3.8884071541342866,1.8598507543839966,2.804571443176059,3,1.792137525090632,3,1.9180978411599041,10
baseline,27,5.3698546744799645,2.3312401979621087,1.4833742743786673,8,1.7060473327422228,1.7311613201211598,8,1.7586862836649158,3.1431600714316166,14,3.848617574877415,1.8704762662171455,2.789727088638726,3,1.8534383096908336,3,1.0167619829063783,10
baseline,28,5.368851744546932,2.3322882705085073,1.4468534924994607,8,1.6695982218092005,1.7198306533743044,8,1.719456796084917,3.068583198937596,14,3.8398504944025955,1.8723465366585732,2.7945110943586426,3,1.9406708273050572,3,1.5560253690292167,10
baseline,29,5.371569950638952,2.3332485250900947,1.5305757413823675,8,1.7359371225773699,1.6720700787932288,8,1.7128112988906594,3.1292200257732308,14,3.808048918684878,1.8698764674495152,2.780474000500243,3,1.8473830246203207,3,0.9787810821933517,10
baseline,30,5.3677486294182675,2.330347572754006,1.4425215888950005,8,1.681783558983665,1.6517791844235608,8,1.6954620443983082,3.2088336614347317,14,3.9271158666803117,1.86856856281721,2.762238547130931,3,1.9891441860526105,3,1.178057851318066,10
baseline,31,5.369314107229155,2.3308259988574256,1.5105429849035024,8,1.7370920279667745,1.6605431969446014,8,1.7156607873791965,3.2252088805544763,14,3.9194596081996753,1.8683810272023398,2.8223163359633188,3,1.8314858633902011,3,1.0684886308680857,10
baseline,32,5.3704821207447395,2.3327622158592343,1.4898202288414435,8,1.72072320121093,1.669006862700266,8,1.7150237376687612,3.3237161988512365,14,4.02706347801413,1.8625808410151337,2.773201670978298,3,1.8586651955219373,3,2.0175012275596877,10
baseline,33,5.371154997619422,2.3335433555368374,1.5115551757388515,8,1.7201146829416103,1.7729694261397169,8,1.68738258395038,3.285830794088405,14,4.087119204753939,1.8723405138321487,2.7141757045937496,3,2.0191814180149783,3,1.921340722179995,10
baseline,34,5.367772998392805,2.330549026369967,1.4402095338680003,8,1.6543902668485646,1.6351116726025485,8,1.6761616414382057,3.155585651223766,14,3.877128032184049,1.8713348168692365,2.857335968896573,3,1.9275550747527237,3,1.2243717208348757,10
baseline,35,5.374290908974698,2.3355240179568453,1.4560073079559044,8,1.6530504062018987,1.5844685695232548,8,1.585699932125279,3.089856423873492,14,3.793451781883853,1.868603529886167,2.846724050356444,3,1.8142063202075507,3,0.9814609479540497,10
baseline,36,5.369550610374967,2.3309412550942508,1.4721490738789986,8,1.692889283360692,1.6628059829790272,8,1.7175285580656459,3.274768657406564,14,3.9485665164120154,1.8732365869398158,2.7595676119255588,3,1.8698252907505593,3,2.0296498968354246,10
baseline,37,5.369504064369437,2.3326995425771098,1.4653727549093238,8,1.7163330285370577,1.7862908607695673,8,1.7571853431920545,3.211764335074854,14,3.9928941081433935,1.8667106467731664,2.7225534530248723,3,1.9611472533398295,3,2.106602447228513,10
baseline,38,5.370491081476408,2.3337835519109102,1.4543489752097345,8,1.6991991831922975,1.7207076791268685,8,1.672237081842601,3.182518538790431,14,3.9667461799440327,1.867594104282977,2.7602491194183503,3,1.968581805884491,3,2.054192406611169,10
baseline,39,5.368096997847648,2.330687086772573,1.5347308351177853,8,1.7606561962414677,1.7136066892588735,8,1.7451417879842852,3.249901420277278,14,3.9471021786641365,1.8702293950463293,2.765574787314978,3,1.8884297581754719,3,1.8697196631727218,10
baseline,40,5.370388991257339,2.331937856835148,1.4550267754331017,8,1.6600632955652466,1.5726974277548909,8,1.6025297956397067,3.198441496109756,14,3.8652794753838573,1.8674038203061183,2.771587670612815,3,1.9769989659555565,3,1.0164968315288563,10
baseline,41,5.369857368557424,2.331165215170173,1.507682706001137,8,1.7315142299841784,1.6793571724695564,8,1.6758465539117282,3.2673653138045977,14,4.0266274084556395,1.8548054326189058,2.847652393703233,3,1.759959198011431,3,1.9674905520514978,10
baseline,42,5.369493695981528,2.3339420409202996,1.3867949507875743,8,1.6374946683618667,1.586529054274559,8,1.6230176475115514,3.288472462832464,14,4.008969818036737,1.8608926830910213,2.8440107754877237,3,1.7677899871944722,3,2.1009978790282986,10
baseline,43,5.368067235577489,2.3296191983457635,1.4478088739128223,8,1.6880303085366948,1.8514561932025841,8,1.8235361764440905,3.277603347525386,14,3.9975112870923377,1.8692999333495786,2.7444181219519113,3,1.8992037080536754,3,2.0328711297389517,10
baseline,44,5.372379398114248,2.334544723623447,1.3597601750247188,8,1.5862627585398084,1.5029287045427957,8,1.5350883565658904,3.129701770235211,14,3.944262792047002,1.8710684734747047,2.736351905213053,3,1.9366965120842778,3,2.0311718366741167,10
baseline,45,5.368020037687258,2.329736536890932,1.4931603694164766,8,1.7221290306581074,1.677464758585944,8,1.7388411233433423,3.246640785947716,14,3.9544492750393263,1.8693919098266358,2.6240724939601754,3,1.8596367154363764,3,1.9492441284093516,10
baseline,46,5.369913046376501,2.332052935809225,1.4922421814215983,8,1.7181275167070726,1.578532488345718,8,1.620197775539824,3.174371095681731,14,3.919897410769012,1.8695188517915222,2.80381563993979,3,1.9032699473038843,3,0.9048761500372534,10
baseline,47,5.368434810703942,2.331546333692598,1.456488929009748,8,1.699683269773166,1.5967772554816586,8,1.6653861828489196,3.2002360227340194,14,3.9210656591389057,1.8697716203556118,2.8190674249987437,3,1.8576877461933008,3,1.2363506991782445,10
baseline,48,5.369320458901204,2.332859478907824,1.4763832498234564,8,1.7003382651492265,1.5780890640009695,8,1.6493441996441918,3.154921382418072,14,3.9377789328116397,1.8676322901240692,2.7387282323375133,3,1.953187157202735,3,1.7715352216361429,10
baseline,49,5.3697785728023035,2.332780684796571,1.4610288454173366,8,1.7133296905208037,1.6399964144259114,8,1.68775700837808,3.138676752870561,14,3.8957408108635727,1.8709007936100168,2.8137039793398744,3,1.9183235383576296,3,1.0972217523400631,10
baseline,50,5.369958791884462,2.3322431259892213,1.5269280085454193,8,1.7558470903419554,1.7171578143502282,8,1.7252311275749188,3.5616239154870364,14,4.320671437285962,1.8732916603957823,2.7358046583157174,3,1.9323416061348122,3,1.7363391763953475,10
baseline,51,5.3696677795081715,2.333217825227804,1.4824458266289813,8,1.7297396169959545,1.650803941319066,8,1.67146364220892,3.202985802046561,14,3.994058351264696,1.856419817683165,2.8872709369716385,3,1.8885963345987875,3,1.0537791848773852,10
baseline,52,5.371492417168307,2.333278635443962,1.4676278796958033,8,1.6668291271907942,1.6030899155450626,8,1.6502595872291277,3.1593955138575223,14,3.8605590400173737,1.8614830421189799,2.937526868842552,3,1.7671551463576423,3,0.9723878375266478,10
baseline,53,5.368363285304302,2.3291759282704176,1.5227113541895911,8,1.7307595603103612,1.698238919624191,8,1.723876425236058,3.185448774777598,14,3.9434430613707545,1.8841240387804121,2.5990028998530743,3,2.0838829651502033,3,2.0295301988219623,10
baseline,54,5.370381300635467,2.3322207912204855,1.4874805243660982,8,1.7026014391610638,1.6635605103930455,8,1.7176207083208586,3.208380022920091,14,3.8647579317362686,1.8792409083602053,2.879207221535446,3,1.9226273844294113,3,0.9778687428067111,10
baseline,55,5.37137954216305,2.3340866547664656,1.4692921595537038,8,1.713469311297501,1.649593335432193,8,1.6607997277648505,3.1339384482457033,14,3.879988281495232,1.871670443112959,2.822232021445159,3,1.906230219310011,3,1.0439522108609731,10
baseline,56,5.3711661637320605,2.3349565080052823,1.4766902166452018,8,1.726365000387942,1.6036557039856525,8,1.6485367019999637,3.198559085954426,14,3.9880724650263444,1.8577914663538782,2.9263543667268896,3,1.8544872536552275,3,1.0952927316355567,10
baseline,57,5.36948291290672,2.3331388254936107,1.490738138261674,8,1.7362620970659257,1.76329878750158,8,1.6853851051410214,3.1094991944216366,14,3.8714949991464778,1.8772514687486226,2.8939051099770823,3,2.002925310988665,3,0.8980432060660022,10
baseline,58,5.370764875477389,2.3323267997928987,1.35033734658675,8,1.5477607898540187,1.486668628132852,8,1.5389457027778009,3.1215439921774917,14,3.9435242100305103,1.866412145314899,2.728981061208228,3,1.9523856551085315,3,1.9897801967848405,10
baseline,59,5.371819668427223,2.3322823306467884,1.4786420854668962,8,1.688288111955217,1.5920687233697834,8,1.6446723781346366,3.2476997213808523,14,3.9020244644427056,1.8628167246222103,2.892232020166895,3,1.8855798980095881,3,1.0535742125328287,10
baseline,60,5.372736217529055,2.3341270200234967,1.4564104875348178,8,1.6306575027164063,1.5644736311109446,8,1.5748505995965911,3.1156014114003203,14,3.8816399458739084,1.8776904251821542,2.717842734562962,3,1.9199254340701786,3,1.8631797371000034,10
baseline,61,5.367352898215508,2.3290766556690863,1.5243098358961789,8,1.7400884961737808,1.690625777619496,8,1.7526154140074137,3.214647160932673,14,3.969236078126989,1.866842673220725,2.8458276520696226,3,1.921776626402364,3,0.9859502946100924,10
baseline,62,5.369360222532219,2.3321375930121393,1.4568272133918572,8,1.7073472623661163,1.6068237604540516,8,1.6578966990945052,3.184175287771702,14,3.9793059909388977,1.8713119052561002,2.701816665893305,3,1.9401933021937072,3,2.0360404784236414,10
baseline,63,5.367908131239874,2.330411307909865,1.5005037508115078,8,1.722729626033428,1.6737981446711743,8,1.6774432752741548,3.1573607167392743,14,3.920113883567271,1.8724274220150057,2.7124014798372578,3,1.9101571505019717,3,1.8024959097451423,10
baseline,64,5.369549214499356,2.3334321133565643,1.4840953797900842,8,1.7303613971285432,1.7160567211491677,8,1.6598544791143726,3.1567277919925165,14,3.9422913476527004,1.855969714077428,2.792049730659139,3,1.9779982805695637,3,1.8213741929328575,10
baseline,65,5.368971335401206,2.330516157903241,1.5337183277157986,8,1.755733768810078,1.7278668181044528,8,1.736672517886005,3.1716696924614602,14,3.9133817774400863,1.8710178953829373,2.8000577826174045,3,1.9046076423174652,3,1.0553552334129268,10
baseline,66,5.369037596578784,2.330418955408465,1.34253707175678,8,1.5779683978076595,1.49645782345484,8,1.5449649238567202,3.1935011439989265,14,3.927444094023379,1.8802825752989976,2.7719770571306093,3,1.8915789559683933,3,2.097498279722642,10
baseline,67,5.37056427522859,2.3315890274913835,1.4756806117153576,8,1.7017652879200922,1.6798969528369943,8,1.7463455524918523,3.305644061129019,14,3.9852411063677415,1.8638749377816137,2.7478275807654637,3,1.8619162273172023,3,1.8254997164074165,10
baseline,68,5.371052419844371,2.3325528205556423,1.3281140900110306,8,1.5251334471491367,1.4101221603400769,8,1.4718423306278938,3.1443597784005504,14,3.8791988518664704,1.8686937739869707,2.8644473651545788,3,1.9269124827409634,3,1.1087121041038501,10
baseline,69,5.370398590376216,2.3321005490082527,1.5245521827201785,8,1.748745360326305,1.7189625632066825,8,1.7371226185555926,3.1923834908439552,14,3.8874961589815586,1.8652774565037626,2.7290194105925294,3,1.8232786278337523,3,1.980141532825109,10
baseline,70,5.369982079149263,2.3327528719732036,1.4195993663232356,8,1.6628080606910376,1.7467947975715594,8,1.6713454973632331,3.2639774949811473,14,4.022028445235458,1.87152302803999,2.736154612025913,3,1.9286089709850147,3,2.3323939311114983,10
baseline,71,5.369241144441565,2.3336368169073776,1.4614258142520562,8,1.713765819894757,1.5818891875414978,8,1.6335897825005465,3.276182933276738,14,4.079724259606976,1.8534757447858514,2.850158489491339,3,1.8449106660453596,3,2.056897071122248,10
baseline,72,5.368974725967208,2.329172028579145,1.3862129627055846,8,1.5822356502533252,1.5907065601264734,8,1.6567095463396306,3.2241888741944518,14,4.010519007192983,1.8828610073412697,2.729771246453705,3,1.9218866590288648,3,1.8269559288001207,10
baseline,73,5.36780758393907,2.33027367848343,1.462523429404049,8,1.6993540880189586,1.6136416378851393,8,1.6749153490878104,3.256926747332675,14,3.9737303712689136,1.8652498482034185,2.7846137854924757,3,1.867495685403094,3,2.0112268327528726,10
baseline,74,5.369626561335998,2.3329793445525575,1.5036733905927477,8,1.734433859358523,1.6746349400500908,8,1.7229182121720557,3.335794972025338,14,4.033280594883494,1.86950052052773,2.7738704413972073,3,1.9110170758413234,3,2.0003282980806976,10
baseline,75,5.372534747468296,2.3336437914824995,1.3803351931871033,8,1.5908389187751018,1.5494437626695998,8,1.5671803835853795,3.2333111881515206,14,4.025011307259746,1.8700526774893258,2.723347626455368,3,1.9312144828838689,3,1.6480749847061373,10
baseline,76,5.368887284653673,2.33005713680138,1.5497506045961078,8,1.7754225834680535,1.6070994849942217,8,1.692223029682009,3.162477934019712,14,3.8628171868799184,1.867947485012284,2.8299624720326877,3,1.8565880442237859,3,1.1493491405992755,10
baseline,77,5.3722866892185674,2.3325701232512803,1.3486230336309828,8,1.5473574400279795,1.4092427942596073,8,1.4548199514967495,3.0644538769107896,14,3.8625555550768067,1.867270798334816,2.8104725202859733,3,1.9496537895014938,3,1.0428534144078376,10
baseline,78,5.370846060920661,2.333888893396497,1.4699021296902657,8,1.7128505914332048,1.6318181753328374,8,1.6781549579694561,3.1786638714409032,14,3.9404432165734664,1.867536465646153,2.8935651703189027,3,1.9363675596460515,3,1.1649514979565692,10
baseline,79,5.369124955272485,2.3320703591616327,1.4922297419238593,8,1.7253388612953806,1.6896619378207827,8,1.734916041678922,3.3172942814467508,14,4.014823622171149,1.862711559725539,2.7627755072718805,3,1.8579693467671115,3,2.0469089457236467,10
baseline,80,5.372858100819334,2.332086632563345,1.4091088760241743,8,1.583004443953137,1.5143058562665639,8,1.5990209599615473,3.1479390756784698,14,3.8431841802437634,1.8756916536020842,2.8804961908024556,3,1.9064892454806688,3,1.1222212909791252,10
baseline,81,5.369383472202002,2.331985669740102,1.4781872777513472,8,1.7084421112226698,1.7289847188177874,8,1.7653018023025693,3.3148098969616195,14,4.015505205255049,1.8747616367331381,2.754483912432667,3,1.8785906690524297,3,1.9537663550869264,10
baseline,82,5.369962019491807,2.3301636674940043,1.5246849661518536,8,1.7402622879795622,1.6020412382972498,8,1.6543419330848228,3.191623419775119,14,3.8661829631397624,1.8682175818193767,2.8426968399088626,3,1.9050193810935723,3,1.0273042887086334,10
baseline,83,5.3711169471621965,2.3318810487416766,1.3738331450679144,8,1.596487844555098,1.4887295490809518,8,1.5377549428857464,3.0948405430895893,14,3.9180413017204367,1.8713189986439007,2.8263229312288307,3,2.0179567176880284,3,0.9636112597432258,10
baseline,84,5.369615269125089,2.333634323545614,1.4941165897514406,8,1.738942285240448,1.7367437366923768,8,1.706418371805133,3.162622918160959,14,3.9527710754696126,1.8619885985592448,2.756856476123061,3,1.967995915418316,3,1.9906349683562572,10
baseline,85,5.367112284376709,2.3295994952236643,1.507176155829793,8,1.729949504662764,1.690407897655538,8,1.7522486298290578,3.337546620515545,14,4.073991741617982,1.8711932562331575,2.7548071910069507,3,1.9185993112888184,3,1.8401639766399114,10
baseline,86,5.3693019379787374,2.3339306856328372,1.4935284218236529,8,1.7414585584009408,1.656773117193654,8,1.6767270708137925,3.1961699985226986,14,3.9271612161018252,1.8754712736623698,2.7477260462754654,3,1.9223756939370569,3,1.827748333970965,10
baseline,87,5.372661936414877,2.3331581028761796,1.4494126541981438,8,1.6516792401056395,1.585138425077788,8,1.5630638030020325,3.149980235560917,14,3.92466593487325,1.8793557337658293,2.677807377340503,3,1.9092574469914338,3,1.651018482190261,10
baseline,88,5.371056117428975,2.335555713071841,1.498272182668432,8,1.7422757368222621,1.7209372772685312,8,1.7219849287449305,3.2053570794511947,14,3.988292454577341,1.864188977184989,2.7495108535218784,3,1.9573392078653618,3,1.8340574969216712,10
baseline,89,5.3715482576506846,2.3352629388511335,1.3465856590018457,8,1.5773598941500477,1.5096130456950279,8,1.4686833963504464,3.090452774435695,14,3.866497540853308,1.8704585237790474,2.716147311713236,3,2.0813786798012957,3,1.0117289858258423,10
baseline,90,5.371088748006357,2.3347063520923244,1.447107298318153,8,1.701378889732071,1.5692824151185845,8,1.6213639697452924,3.2814618706668988,14,4.06995345112266,1.863598295458892,2.7843784950748898,3,2.0184468937155486,3,1.9373072304315506,10
baseline,91,5.368826117071364,2.3315002475750997,1.465817993323467,8,1.691419530472841,1.696935146993307,8,1.7528837714141108,3.2124351443925008,14,3.9698650402701285,1.8690383356158906,2.84592119324935,3,1.9432197256550523,3,1.3599362165855846,10
baseline,92,5.370379890340148,2.3315919518746053,1.5537646732587738,8,1.7816307846313473,1.7721660594263604,8,1.7765516130454424,3.277395062064307,14,3.9709416401827684,1.8654044795136506,2.6489295533021524,3,1.9985422167693947,3,2.0016386948974065,10
baseline,93,5.370498902919703,2.333471237095464,1.4478362987734554,8,1.6981005706418304,1.562900754930256,8,1.6021554394047985,3.1857806328150957,14,3.9729106835517074,1.8628764809892742,2.842075621951001,3,1.9943379700087487,3,1.0007941789651562,10
baseline,94,5.371374518765729,2.332119889825936,1.4202398252983257,8,1.627017147389897,1.5571774466260544,8,1.5228823095227861,3.499356167565664,14,4.265972831266685,1.8709046594942165,2.7219413320893753,3,1.8243514394616063,3,2.1241682823156927,10
baseline,95,5.368055253746725,2.3293827920092562,1.5023605794940451,8,1.7244628968026057,1.706170400365537,8,1.7198948887717938,3.181322667732139,14,3.8658682614076274,1.8669959369833233,2.835388523753749,3,1.8314663708534813,3,1.0624953004306608,10
baseline,96,5.366200839004132,2.328444448504174,1.4372418349340126,8,1.6731701301153332,1.5908829820283263,8,1.6515959182520015,3.215008509672158,14,3.943368566907025,1.8730377939446912,2.773615906470251,3,1.8931831620646409,3,2.1281875992067008,10
baseline,97,5.368774363540254,2.3302555872707758,1.506708314905074,8,1.7327714419683982,1.6906709009324983,8,1.6981821090941784,3.2214686186740034,14,3.985636871554386,1.876545972002654,2.634341857897667,3,2.0315844990463794,3,1.9184236502269068,10
baseline,98,5.3691927666627395,2.3315905660017733,1.5381349461921934,8,1.765854414548509,1.725124600482103,8,1.753574829053422,3.2407970573791296,14,3.938583526077569,1.8764197057489211,2.748372928089137,3,1.88582240474462,3,2.014259640714713,10
baseline,99,5.369244587057068,2.3319404168323628,1.4541895073617974,8,1.6835585968412579,1.5778782000362244,8,1.6523818020191285,3.148291793704841,14,3.919084322391622,1.8722035706480087,2.9040991489402908,3,2.030572657135034,3,0.9686747349841835,10
baseline,100,5.36873568221866,2.329861736439139,1.469498753956195,8,1.6950840047806242,1.6576171036278629,8,1.6498492019601307,3.19020228246376,14,3.9320684537788515,1.8719104875557684,2.858200579291276,3,1.959575907947655,3,1.4467961919954153,10
ensemble,1,5.368807116576023,2.328376391437886,1.3994960289930833,8,1.4722849171129,2.618210364830801,8,2.6435253420903404,2.5354304011011113,14,3.182617791987669,1.8817426041525813,2.9108264387037415,3,2.5412928569422215,3,2.3359832795908755,10
ensemble,2,5.371265612650026,2.3295709614541735,1.1360472293618153,8,1.3046857394157556,2.5580036082594466,8,2.637344969702532,3.4466722522692,14,3.8280190532987453,1.8723115005981215,2.9402126178947454,3,2.4788677048787457,3,2.3785485007123253,10
ensemble,3,5.370094112874602,2.3272024987799953,1.2130158922183476,8,1.3598233226421121,1.3148936600895453,8,1.4151762334762115,3.5005876458922582,14,4.022330360164337,1.8759281898513736,2.8779067733085695,3,2.556919714387257,3,2.2947944812413446,10
ensemble,4,5.371757770536568,2.3332849773883524,1.3680554587130564,8,1.4302916288722598,2.5967332155175757,8,2.6330840916744123,3.461192329620409,14,3.9996437232796587,1.877658763668559,2.85057821346453,3,2.5512244717481445,3,2.3619650887269725,10
ensemble,5,5.366175857755377,2.3252009832791973,1.304327637700289,8,1.4904791844289988,1.343738351684145,8,1.4437719564285836,1.8434035235436455,14,2.563608171322147,1.8775769005711196,2.887727152355655,3,2.5471097704284174,3,2.245838443116249,10
ensemble,6,5.372554713144968,2.3310234358487505,1.1994370745939906,8,1.3656081456912128,1.1741450248293155,8,1.2932516672503522,1.9868566190143129,14,2.692876552758513,1.883795368920863,2.752637414213013,3,2.604977736668529,3,2.53254879727011,10
ensemble,7,5.370600441424308,2.327606546135294,1.2158495311393331,8,1.365588256131984,1.0874690811911771,8,1.230166483581686,2.0719008415938833,14,2.814290812168647,1.880896015137159,2.821432810680347,3,2.5569324265536775,3,2.553024188901025,10
ensemble,8,5.374363323677669,2.3381445770014797,1.508215358852892,8,1.6651276667789856,2.662486938284231,8,2.623463156444338,3.080550287705855,14,3.6507319610392015,1.8813923043728848,2.893181387501777,3,2.5169832648176143,3,2.318356962350023,10
ensemble,9,5.3697766119058725,2.3271821891599145,1.2306829713297294,8,1.4077938433531123,1.1586053387708906,8,1.2651460191096704,3.0308766099387685,14,3.5576214791410683,1.8828478756825113,2.7636320566889423,3,2.601987803087748,3,2.5009585612883725,10
ensemble,10,5.368094242422602,2.328359351093546,1.46096196127686,8,1.5196618134121145,2.607393671281677,8,2.6287843057215086,2.8728569458318867,14,3.4925799718084964,1.878151947003611,2.9083367043697805,3,2.571990816645736,3,2.4449964632395345,10
ensemble,11,5.369557250228959,2.3233376446380256,1.246161471693841,8,1.3263478081360465,2.521023540678438,8,2.6176430757045916,3.1241707207612834,14,3.6242078810389646,1.8810486326438234,2.8626411578982065,3,2.5596958793166182,3,2.3400948204662817,10
ensemble,12,5.3723796327025655,2.3284749890346412,1.3307334303362508,8,1.4058666733360932,1.0653531929935345,8,1.2535627571522205,3.426094058369733,14,3.9239660688703535,1.878935907083235,2.8789080034724286,3,2.5799010103627724,3,2.3275318455060168,10
ensemble,13,5.36893278313423,2.328132934707282,1.2987804551826287,8,1.3961009209274162,2.661967299293061,8,2.7342174681238913,2.883648754162805,14,3.440744170503901,1.880913582429974,2.7745924486479177,3,2.5307469727460052,3,2.431787877804885,10
ensemble,14,5.368623945458977,2.3222073678334736,1.227499510385811,8,1.295379659417082,2.460202229853339,8,2.5473082093731216,3.0009025100417337,14,3.5563297151042836,1.8826583690808871,2.74929174613736,3,2.604057982260235,3,2.576721201464515,10
ensemble,15,5.367131106230904,2.3233500510062277,1.3079965855295625,8,1.4000323821630327,2.524794128809502,8,2.601302193745817,2.1113562780129644,14,2.807956938805342,1.874558106382913,2.89035914355557,3,2.504052515650864,3,2.385243659251593,10
ensemble,16,5.368081836020471,2.323007403128656,1.2326553403463458,8,1.3423690509253603,2.527471775131947,8,2.613472072585582,2.8321549515480107,14,3.3630741867088627,1.8770605688627837,2.919715916298838,3,2.567172584367862,3,2.1875454739326505,10
ensemble,17,5.368294225227813,2.3268363622132577,1.2275824051315494,8,1.3272640317899607,2.5942588167198353,8,2.6527298836266335,3.502929690399912,14,3.9254685415447095,1.876445370507427,2.79297457521639,3,2.5438101630454795,3,2.2656493678946794,10
ensemble,18,5.367190879230353,2.324565314319806,1.3349316204476045,8,1.4036049567275064,2.7133693579880798,8,2.740702533373942,3.6193477208720615,14,4.0790749581371175,1.8812085640167777,2.755400131485886,3,2.6249858844472063,3,2.5203769024867224,10
ensemble,19,5.368649012311179,2.3268792774024227,1.271335413023357,8,1.3894482818970628,1.3845139874112173,8,1.347558162315812,3.515058199425658,14,3.968478463491242,1.8758023985440715,2.8217108028631412,3,2.5704933741174076,3,2.2015431208248573,10
ensemble,20,5.366697778185639,2.321904195935337,1.2822191501342473,8,1.359666358347379,2.514160648627126,8,2.603531770256608,2.797795016337442,14,3.3719548990429162,1.8796247936607955,2.8577086018680986,3,2.54371144842683,3,2.4192504196815667,10
ensemble,21,5.367500050734634,2.323774631586441,1.2423207018918707,8,1.3781899931685875,2.5252565846464767,8,2.567552175786451,3.5399802916588228,14,3.992678722338835,1.8789792360537512,2.7320050256958845,3,2.6005525372691647,3,2.583250455452793,10
ensemble,22,5.369604860301229,2.3238176660978387,1.1698777337621231,8,1.303037186695148,2.554172425188209,8,2.6598162527005154,3.1157510883813653,14,3.649750089156418,1.8756752694150864,2.8501799693376606,3,2.5779744249508494,3,2.2604398042260487,10
ensemble,23,5.36560969482197,2.3199565841272634,1.3189345626509466,8,1.4692685516019706,1.3962665344962095,8,1.4813984968520895,3.537515646969934,14,4.041503918474677,1.8766421245443146,2.8541760193941315,3,2.5680354535376377,3,2.131979979904019,10
ensemble,24,5.369933071530791,2.3295833870984075,1.335254849160768,8,1.4016870339843783,2.604363342535002,8,2.6382059532422435,3.4360786630594204,14,3.919071177771953,1.8868524528753186,2.7376418968420997,3,2.659426999471591,3,2.549785464466916,10
ensemble,25,5.369777808204421,2.330116869648234,1.293262760049692,8,1.3750269298230362,2.6141467551151516,8,2.6590711453973994,3.039378019655138,14,3.5594192976585473,1.8825648667589157,2.7916799511865316,3,2.5342199391064404,3,2.247479311300396,10
ensemble,26,5.369873501259992,2.325878608139185,1.3510678082985075,8,1.4698115166141563,2.4569158233990986,8,2.4483249195493295,3.239767575811864,14,3.678586930651254,1.8824144682645185,2.8908351037016047,3,2.5258689169365125,3,2.2273194009717643,10
ensemble,27,5.3683340142121185,2.3258678755079423,1.3261320416617939,8,1.4410224070300428,2.5049066169193157,8,2.5186296680339284,2.771095833190513,14,3.322866554556639,1.8816771701421386,2.732276602457419,3,2.5595046735142843,3,2.4941436081205013,10
ensemble,28,5.369200344961912,2.329019211767932,1.1972769162212538,8,1.2955650099430023,2.6665954048305434,8,2.7314481582655588,3.5012348123500407,14,3.92903019629023,1.8814105202123688,2.790769991662845,3,2.547035934975518,3,2.2497582882161726,10
ensemble,29,5.377494729815332,2.335268398052617,1.4240476653521565,8,1.5297978258973566,1.0586863723789934,8,1.2680568427051961,3.1096830734794083,14,3.580861643425061,1.8784768634256985,2.8820915808405654,3,2.592961533835084,3,2.3515934201902535,10
ensemble,30,5.3708299756351705,2.3295459621145387,1.1728790560920286,8,1.327822867528873,2.569312212078421,8,2.647509279257407,3.48710468788767,14,4.002570356825659,1.8794061873845227,2.876032874853405,3,2.6303564620539617,3,2.361763631832379,10
ensemble,31,5.3681294096135925,2.325277582783011,1.2202195239277804,8,1.3805769353511392,1.3267368035239677,8,1.4177283806151129,3.5422319360620476,14,4.012342511319143,1.8839896161832081,2.8608976089382714,3,2.5872282121183034,3,2.2722085942441943,10
ensemble,32,5.372085594706291,2.330531406656443,1.2648902100860833,8,1.4686290636460952,1.5456598676345423,8,1.6379761236049433,3.521485090650158,14,3.916027047930144,1.8803013054203186,2.825728515709139,3,2.599884610567459,3,2.476001667499585,10
ensemble,33,5.3686121622369445,2.327493490990321,1.2860451113268165,8,1.3966152867708537,2.682742364719642,8,2.725462217387682,3.015017642829866,14,3.6164396109773285,1.8767930327071038,2.8525550162809807,3,2.5941774610951076,3,2.2990972578518214,10
ensemble,34,5.373381794685495,2.3290230504810525,1.1000382813145613,8,1.2732258931812572,1.0764827776625998,8,1.3037454785350724,3.0691724114668952,14,3.549018701860054,1.8781197453815284,2.800507189541634,3,2.5671511184235163,3,2.706490311337322,10
ensemble,35,5.374295964301742,2.331578120004136,1.3665085420894714,8,1.403853676489555,0.9609146285887918,8,1.154810450283458,2.857894553380116,14,3.392251181426138,1.879261197281665,2.889944373280758,3,2.536972112199105,3,2.2393882793071582,10
ensemble,36,5.366052117493082,2.3227158368617533,1.278379760804821,8,1.3432544066020413,2.515573500149867,8,2.6044564414459215,3.2234875282787168,14,3.7775150972350553,1.8737459300114632,2.852945384846234,3,2.5220012076046037,3,2.4427265626804995,10
ensemble,37,5.371854650862003,2.332368911152618,1.2984444729330311,8,1.4742326745544048,1.4787333851775297,8,1.5117806175260862,3.5285502445091925,14,3.9929968356966286,1.8889726067460604,2.7786993366618526,3,2.6422746074866708,3,2.498321116690102,10
ensemble,38,5.368580052291672,2.324598234439638,1.2197103280435269,8,1.3349482189573922,2.5354460182873253,8,2.63215740296343,2.934849401741938,14,3.4411600991009785,1.8686469595767459,2.963196245894168,3,2.4764995812240653,3,2.090947928072033,10
ensemble,39,5.367774902195637,2.3275769274492912,1.2216548296345635,8,1.316103887218089,2.682440392412367,8,2.7588234156543883,3.5513765369315764,14,3.9462810683296166,1.878524923410213,2.772168407395277,3,2.6011799702404157,3,2.3127347318073905,10
ensemble,40,5.3696309271465825,2.3273866936552596,1.211255875577175,8,1.356097995264571,1.208551898130616,8,1.3416997533339285,2.9589972661849715,14,3.496480871968561,1.8736462488669776,2.8536630367169984,3,2.512979278333424,3,2.3568206767041064,10
ensemble,41,5.3690427926475035,2.3282862823625883,1.4742270201413445,8,1.6145525816099529,2.4232037999134963,8,2.4133526611179357,3.110686997351339,14,3.618736479544691,1.8787772028953245,2.874774968629508,3,2.528342397631007,3,2.289181263260432,10
ensemble,42,5.368637090978545,2.3267918111737242,1.3479366388940952,8,1.4119713056595193,2.6763247268492716,8,2.737199042047922,3.2580897167372393,14,3.758042960157403,1.884156027102585,2.742286491706926,3,2.6281871221887276,3,2.5621691801494118,10
ensemble,43,5.370521745896517,2.3303378698148904,1.327231521932707,8,1.4192041321683437,2.6165461069240292,8,2.6599603577550934,2.755696878489273,14,3.367287143661591,1.8770086528439385,2.7926260489662065,3,2.5268657768522247,3,2.7343442970552245,10
ensemble,44,5.367757329248653,2.3286799467508144,1.462641615820957,8,1.5273631659087352,2.5958121211069356,8,2.6202992961733185,2.86292133490292,14,3.4594414300313363,1.8764916481401044,2.8212597100528614,3,2.5267201692747627,3,2.673652555369365,10
ensemble,45,5.376594692489219,2.3384197815775023,1.2408666037539842,8,1.388530669480091,2.598906571739058,8,2.6075711746712393,3.162378986883792,14,3.628758623680272,1.8770878186294555,2.803680905880999,3,2.5509004283870778,3,2.6518562679347006,10
ensemble,46,5.3624771434941225,2.3170037400824293,1.3140169926962708,8,1.4153662052364027,1.3454139534654646,8,1.4305013784616485,3.6575542927398352,14,4.109875955768302,1.8877382610215143,2.8323664108575834,3,2.617273286286419,3,2.3416589065717885,10
ensemble,47,5.366674704862469,2.3214771818145983,1.2883629870732503,8,1.3554350739296164,2.5066220749427313,8,2.592802317565747,2.8972578932233386,14,3.4345541131852837,1.8793587885039726,2.860749241949111,3,2.5404002694620815,3,2.420207224185077,10
ensemble,48,5.368109166625165,2.3271505292134393,1.2192081163073432,8,1.319001275747823,2.6849330614081945,8,2.754295058334846,3.6516760608533776,14,4.037536096015169,1.8804620254266378,2.749992571737433,3,2.612834428922829,3,2.5207724754866034,10
ensemble,49,5.368271436256254,2.325933661077027,1.2692652828914202,8,1.3965018953722201,2.765918035508129,8,2.785104078859606,3.033301310945057,14,3.58288796907271,1.8753912676932332,2.8779935047096865,3,2.580003786100323,3,2.324598423851007,10
ensemble,50,5.368297262305593,2.3242095911214857,1.235681143307239,8,1.3134943228729927,2.5416247947403403,8,2.6472694117797944,3.4922696009129455,14,3.9517139583591456,1.86420923819025,2.910974957400429,3,2.530094833071532,3,2.131325735726127,10
ensemble,51,5.370431371043802,2.3269843924472156,1.256716972616117,8,1.3400893236847995,2.5682728678864803,8,2.694562801368311,3.5125446612220412,14,3.9614499346188006,1.8784056998679328,2.8035336295421005,3,2.548711387866409,3,2.2370989485318273,10
ensemble,52,5.370374082432499,2.3289870326254674,1.4240264496516393,8,1.5712329513502068,2.2205013662236297,8,2.0487949568870736,3.1979515518975052,14,3.7410578286089335,1.8745175141236823,2.880931101309187,3,2.581649444822112,3,2.2808783907791272,10
ensemble,53,5.378475113176464,2.3376105865350576,1.3746680142126126,8,1.450888046226161,0.9991341685609926,8,1.2357057179400546,2.3324211285937118,14,2.8939689446772,1.8721429918428594,2.869420699904468,3,2.5032399093332462,3,2.299945305746706,10
ensemble,54,5.367885689783832,2.328521310279219,1.4682472293027569,8,1.535573335461617,2.605159412426793,8,2.625138047875035,2.968495601776253,14,3.5625354691335103,1.8714057541140672,2.8792201955424312,3,2.507844685666434,3,2.3932298288215788,10
ensemble,55,5.368639770029696,2.3282004085950088,1.2520734751854612,8,1.3598292744305167,2.6827087433677725,8,2.728277032829456,3.5642022525966404,14,4.019514775670557,1.8729464422483446,2.8414374553750883,3,2.5769013661761155,3,2.1875649862854085,10
ensemble,56,5.373347083453425,2.3371224900798757,1.3290180876840707,8,1.485018046139272,2.5793113477083094,8,2.557449103073647,3.0560064983193196,14,3.5756271998456426,1.8730239568404858,2.886323981059926,3,2.533702690923113,3,2.2036130690320803,10
ensemble,57,5.369073792680157,2.3238677971756307,1.3235578112682544,8,1.3778494329171482,1.1183656249732223,8,1.2504150040294888,1.778559888870154,14,2.3694697082708602,1.880894576413849,2.8803849863547497,3,2.518531222944896,3,2.3111281546721028,10
ensemble,58,5.369908217188702,2.3251807826516804,1.1588641701822113,8,1.2898803457506012,2.551404466578006,8,2.65462966603142,3.439315129728185,14,3.9387713546329937,1.8752615340119594,2.8782922739615655,3,2.5985426881836484,3,2.27072617096191,10
ensemble,59,5.368511418954113,2.3283182371680318,1.3520194189843604,8,1.4727093954252009,2.431799441557913,8,2.409795819631378,3.5212500206227078,14,3.894145276820629,1.8742780822791067,2.8856831327474994,3,2.4575685880600258,3,2.2779396995365957,10
ensemble,60,5.368275113602784,2.3279556321343833,1.4041964848423563,8,1.5081291918829558,2.5942296857219023,8,2.612276735865995,2.2908996103570285,14,3.030676500356382,1.872216202936066,2.8634031906603346,3,2.5148700219243394,3,2.431665844032875,10
ensemble,61,5.3706307003870535,2.332380730753518,1.3877867603321785,8,1.557263940181716,2.6025153898736963,8,2.6281695102475062,2.843716782548734,14,3.4668051694634356,1.8794026064814082,2.864698104954347,3,2.5358953148701295,3,2.38947254314953,10
ensemble,62,5.370243045666182,2.327249271999451,1.198566601354219,8,1.2892161835973546,2.515908138902181,8,2.620852591839698,3.435382383446199,14,3.9014410189248427,1.8737478590055412,2.894288476009582,3,2.5178783016550694,3,2.098835882169978,10
ensemble,63,5.36777563001287,2.326327036505227,1.3904701831806388,8,1.5304764658230419,2.4820211090906206,8,2.459120208249592,3.4616179805929597,14,3.9822921228953914,1.8712970132845876,2.887231536646608,3,2.5987394906111714,3,2.2917532190647587,10
ensemble,64,5.366961789018509,2.3222227096690027,1.2814193683297619,8,1.344511568995767,2.507834603944231,8,2.5966736030335826,2.778034323157889,14,3.3555638475227503,1.8794495774542999,2.8546436041710153,3,2.54795458376833,3,2.4546246036929027,10
ensemble,65,5.36914152758558,2.3252998398159046,1.2130428027719333,8,1.30243777819675,2.540276635784359,8,2.642327325751033,3.556413580366906,14,4.044485228303077,1.8707318425496504,2.9426695270794316,3,2.5874346826807173,3,2.0835144089413764,10
ensemble,66,5.3709935098761274,2.3250257245851618,1.2485054604273722,8,1.3143526706272377,2.502249481771948,8,2.5975667512793477,3.0609086774638166,14,3.5863583253430886,1.8876848094326517,2.798163915494561,3,2.5739376925260102,3,2.335483594515332,10
ensemble,67,5.370239357975382,2.330948771451612,1.3449321890260568,8,1.4466716066316254,2.6353104276860013,8,2.6714677547429813,3.442741122637798,14,3.954948623314012,1.875071387940104,2.8383192724472632,3,2.5956219848373485,3,2.145747832753347,10
ensemble,68,5.375133472716801,2.3319412967252466,1.4189116289829768,8,1.4922010158531351,0.9957829448321635,8,1.2432470280928962,3.162918165542408,14,3.6370156718837676,1.8833377942629057,2.869916003506093,3,2.5809802391961227,3,2.317188302251091,10
ensemble,69,5.3699663203077135,2.3296181469180497,1.4205166375056484,8,1.4882739801263714,2.543088825507012,8,2.568093868184277,3.3636348675230696,14,3.950331094779985,1.8782864215704964,2.8942920086974713,3,2.5855971407017306,3,2.314235503046536,10
ensemble,70,5.372925955113047,2.3344994250853173,1.4088373609034912,8,1.537982593981322,2.6031292580370287,8,2.6408259668495884,2.068115970969123,14,2.817579758989234,1.8826600812872425,2.7248895783980567,3,2.586539660322413,3,2.5943029697651543,10
ensemble,71,5.3701999650158285,2.326291968958823,1.1941560920079182,8,1.382456846851005,2.521540230438939,8,2.5939468018045435,3.236789715788257,14,3.739370873363253,1.8777374384408816,2.8801889116440123,3,2.589137025647403,3,2.3521246530754514,10
ensemble,72,5.36929716536802,2.324462421456036,1.2445587465510601,8,1.3411426571892806,2.5687299582135945,8,2.6860833783844043,3.5111227914812257,14,3.97646691855759,1.877335012910654,2.8615110215510486,3,2.5691831478455627,3,2.340185003674431,10
ensemble,73,5.375068931796367,2.342061757450947,1.5099518342208564,8,1.6951470692270199,2.720374081139615,8,2.6359924501657144,3.0311057105026413,14,3.557252350790732,1.878666830361323,2.8622549124812937,3,2.5497498724304277,3,2.524197403677933,10
ensemble,74,5.374769594246229,2.3402955274567248,1.4924389177902488,8,1.6505314391306016,2.675148144622237,8,2.6114947337385024,2.520080966098744,14,3.1953008774695917,1.8863675395345287,2.7343447818435025,3,2.5873896733929262,3,2.6871646306871178,10
ensemble,75,5.375862533934382,2.333048477642055,1.400941634800233,8,1.4512586524113764,0.9400455333858083,8,1.065889206222761,3.0063042022313105,14,3.547302025071481,1.879635709779352,2.8999129915707256,3,2.5165921392169515,3,2.312813851488777,10
ensemble,76,5.366912180672831,2.3215694019900788,1.2840315573029581,8,1.3510242308837497,2.506886010391913,8,2.593826260228125,2.8651783360647456,14,3.390142288934938,1.880154827560844,2.883100048157579,3,2.5163604222049383,3,2.408063342458143,10
ensemble,77,5.371573981666572,2.332371368621151,1.3639315917812032,8,1.4903840766442726,2.607191309927512,8,2.641967711371101,2.9747028066459995,14,3.548038220497954,1.8807279469507265,2.880114854656626,3,2.541940581846213,3,2.309012143675189,10
ensemble,78,5.370195270500313,2.3312075499945935,1.3780134524620316,8,1.4370003117700787,2.6073568203979103,8,2.6357153125878185,3.497464075297556,14,3.9841424090463233,1.8729426473539375,2.8867782047875905,3,2.588128821754254,3,2.2826713458442276,10
ensemble,79,5.369162036129541,2.32464181037266,1.200574631629454,8,1.2844660337070675,2.5258535444772576,8,2.6286612442785855,3.34140240805314,14,3.8379631044699356,1.8875729682279254,2.792523236061603,3,2.5716613871517073,3,2.2638392108312795,10
ensemble,80,5.3704511596329585,2.3312580578937556,1.283764290633253,8,1.3700430821486724,2.619622113953238,8,2.6623503303598466,3.5634890372581927,14,3.9886099491448923,1.870537210849775,2.7852399463586885,3,2.564770120796354,3,2.4700258740290657,10
ensemble,81,5.366049349598532,2.3197798935498075,1.2729378479628175,8,1.3419857094832797,2.440176755344561,8,2.5161514178346476,2.891300884500428,14,3.4223134670655435,1.881181353955048,2.849654137696373,3,2.538750655042751,3,2.4751623064108776,10
ensemble,82,5.373973460504807,2.3309050160319758,1.482040288462101,8,1.5570678086706768,1.0807978683949033,8,1.2530684715125573,4.167097897132646,14,4.352608720992181,1.8808269817065015,2.8487503871924975,3,2.5486392529425177,3,2.2136043643073253,10
ensemble,83,5.368241877059836,2.3305820061858946,1.4614255993106284,8,1.5039593105578724,2.585977488814981,8,2.6233657450874195,2.793789842237843,14,3.379300021237888,1.8757469991873554,2.8824621329481532,3,2.5175143849110775,3,2.373028071289068,10
ensemble,84,5.368393829954295,2.329506910463092,1.4589055235883919,8,1.5035881874963528,2.5779113632490054,8,2.610384138102781,2.848275617245657,14,3.404331080089041,1.8824102331487722,2.7991754214763374,3,2.6040887689424985,3,2.3850683348746,10
ensemble,85,5.368790074993718,2.323965173887037,1.2324437359851477,8,1.330718301044252,2.538175269366998,8,2.6365821644300755,3.4239221665778383,14,3.93428625384843,1.8782799628933078,2.8722869712135206,3,2.5824050069852156,3,2.3646213297569543,10
ensemble,86,5.370550148582282,2.331632841484047,1.342973215813665,8,1.4296340697566898,2.6266375185142956,8,2.65866976277091,3.441696773114747,14,3.9721410701271034,1.8719444379680958,2.878536073115254,3,2.595944881196638,3,2.303471018237653,10
ensemble,87,5.369074497282304,2.3300245937640662,1.4460126089239036,8,1.4913355748910009,2.583525147850268,8,2.6204624586323666,2.865604774463378,14,3.416807698270054,1.8787695641541782,2.7849872873244346,3,2.5329409351871064,3,2.359378258285187,10
ensemble,88,5.369481881678373,2.330797293547663,1.356685901279211,8,1.5301706809843378,1.6079530142714662,8,1.447143606951762,3.521418366209762,14,3.9542120282799775,1.8783962562868863,2.921974755538612,3,2.4703692426147796,3,2.318014022195007,10
ensemble,89,5.36753719548673,2.325644350577497,1.2364869057561805,8,1.355613658166531,2.718825836293784,8,2.7824628835218537,3.526516306931173,14,3.9425155213596694,1.8753497766906757,2.8830091977815537,3,2.5707808870614577,3,2.2872668880532574,10
ensemble,90,5.372631192167175,2.3331147363239033,1.3635865382914747,8,1.4624259537478772,2.620924301599529,8,2.6684627613868313,2.703866021465936,14,3.286879463860523,1.8788094503253705,2.8439030535032277,3,2.495205020707278,3,2.4159438161781575,10
ensemble,91,5.372847264472344,2.331555017831326,1.1866024831329771,8,1.371826428790023,1.1083812415586418,8,1.1595253504781682,3.0648822628079704,14,3.629313061771171,1.8757657325162054,2.887327619397829,3,2.581408770341538,3,2.3104834721446,10
ensemble,92,5.374166936189704,2.334677168567417,1.2578553743873422,8,1.4382289911254589,1.3151935934092776,8,1.4347104839444027,3.407569003907781,14,3.909018285145998,1.8781346932446283,2.865225874071123,3,2.534815956615097,3,2.3307124803086947,10
ensemble,93,5.3689284352341735,2.3287365599680303,1.4253567598923247,8,1.5601126926980904,2.5238721992798157,8,2.5418632432713046,2.412863580128274,14,3.100014063704073,1.8712728507779672,2.8608527431088553,3,2.511640043844575,3,2.463719244152785,10
ensemble,94,5.370140694114829,2.330757056176965,1.3058024430312678,8,1.3840606490891822,2.6155163019773573,8,2.655583424414671,3.4568007105258642,14,3.9526005659528654,1.8740140133030683,2.8507262965564895,3,2.5766059677549205,3,2.3531464261930384,10
ensemble,95,5.369419187353986,2.322638011111943,1.1994607147730518,8,1.3172422568649187,2.5419349434800402,8,2.649041376553563,3.142373296296331,14,3.641982014117027,1.8896946470260376,2.7589251733990166,3,2.64386909316075,3,2.479738619271116,10
ensemble,96,5.366936725512139,2.321884403186227,1.2869744992285124,8,1.3817078408440893,2.453143969112932,8,2.5328900296194163,2.871767400480487,14,3.409422471264921,1.8818505954579732,2.779094929780626,3,2.5821425939231424,3,2.57628683478303,10
ensemble,97,5.369547745641505,2.3291740199695865,1.3544083241674623,8,1.4286162725714326,2.6249701729125103,8,2.6558506979464482,2.999617978315214,14,3.5835138943740157,1.8810673958722153,2.849128823416642,3,2.545686033765294,3,2.2965748325138864,10
ensemble,98,5.368903714195226,2.328316524597891,1.3727666894108297,8,1.4576861957908027,2.635263602569347,8,2.6657683928084883,3.3766850658976413,14,3.8777419062192013,1.8782643394493264,2.8518551105108116,3,2.5827897722773017,3,2.3192182313544594,10
ensemble,99,5.367555612386851,2.3253445147229383,1.2945678263104852,8,1.4022422561087617,2.6528866167050467,8,2.7280278771896462,3.517867735475741,14,3.996860273569144,1.880781126388537,2.850080489582866,3,2.6063689864728516,3,2.3315042162363757,10
ensemble,100,5.372946948941351,2.3328068573462297,1.30722856376605,8,1.4845343015063683,1.4790906063270937,8,1.50815696483798,3.2099782790391798,14,3.709928897736066,1.8739644117882104,2.928630284690129,3,2.522005915001611,3,2.160686195703149,10
