group,design_number,overall_pLDDT,non_CDR_pLDDT,H1_pLDDT,H2_pLDDT,H3_pLDDT,L1_pLDDT,L2_pLDDT,L3_pLDDT
baseline,1,82.46153846153847,83.17412935323384,84.375,83.0,73.71428571428571,82.33333333333333,72.66666666666667,81.4
baseline,2,82.2672064777328,82.76119402985074,84.5,82.625,76.42857142857143,82.66666666666667,73.33333333333333,81.0
baseline,3,82.32793522267207,82.94029850746269,84.875,81.75,75.28571428571429,82.66666666666667,72.0,81.3
baseline,4,82.02834008097166,82.57213930348259,84.875,83.0,75.5,81.66666666666667,72.0,80.3
baseline,5,82.46558704453442,83.06965174129353,84.375,82.0,75.64285714285714,82.66666666666667,73.33333333333333,81.4
baseline,6,82.22267206477733,82.82089552238806,84.5,81.875,75.64285714285714,81.33333333333333,72.33333333333333,81.1
baseline,7,82.39676113360323,83.07462686567165,84.75,82.25,74.64285714285714,82.33333333333333,73.33333333333333,80.6
baseline,8,82.417004048583,82.97014925373135,84.25,82.0,75.92857142857143,83.33333333333333,73.66666666666667,81.6
baseline,9,82.06072874493927,82.67661691542288,84.75,81.375,75.07142857142857,81.66666666666667,72.0,81.0
baseline,10,82.0080971659919,82.66169154228855,83.75,81.625,74.92857142857143,82.0,72.0,80.7
baseline,11,82.21457489878543,82.8457711442786,84.75,81.875,75.07142857142857,81.66666666666667,71.66666666666667,81.1
baseline,12,82.49392712550608,83.07462686567165,85.25,83.375,75.57142857142857,82.0,72.0,80.9
baseline,13,82.45344129554655,83.08955223880596,84.5,82.75,74.71428571428571,82.33333333333333,73.33333333333333,81.4
baseline,14,82.57085020242916,83.05472636815921,84.875,83.5,76.42857142857143,82.66666666666667,74.0,81.4
baseline,15,81.97570850202429,82.60696517412936,83.875,81.375,75.42857142857143,81.33333333333333,71.66666666666667,80.7
baseline,16,82.18218623481782,82.81094527363184,84.75,82.5,75.0,82.0,71.33333333333333,80.6
baseline,17,82.2914979757085,82.90547263681592,84.875,82.625,75.28571428571429,81.33333333333333,72.0,80.8
baseline,18,82.5748987854251,83.16417910447761,85.125,82.25,76.5,82.66666666666667,72.66666666666667,80.4
baseline,19,82.4089068825911,83.16915422885572,85.25,83.25,73.5,81.33333333333333,72.0,80.1
baseline,20,82.4574898785425,83.01492537313433,85.125,81.625,75.85714285714286,82.66666666666667,72.66666666666667,81.9
baseline,21,82.4574898785425,82.93532338308458,85.125,83.125,76.5,82.33333333333333,73.33333333333333,81.3
baseline,22,82.38056680161944,82.97014925373135,84.375,82.625,75.28571428571429,83.33333333333333,73.0,81.2
baseline,23,82.20647773279352,82.87064676616916,83.875,81.625,75.14285714285714,82.0,72.66666666666667,80.8
baseline,24,82.14574898785425,82.76119402985074,83.875,81.875,75.28571428571429,82.0,72.0,81.3
baseline,25,82.21862348178138,82.81592039800995,84.0,81.875,75.5,82.33333333333333,72.66666666666667,81.3
baseline,26,82.10526315789474,82.83582089552239,83.5,82.375,73.85714285714286,81.33333333333333,72.33333333333333,80.8
baseline,27,82.49392712550608,83.06467661691542,84.875,83.125,75.57142857142857,82.33333333333333,72.66666666666667,81.3
baseline,28,82.0080971659919,82.73134328358209,83.75,80.875,74.92857142857143,81.33333333333333,71.66666666666667,80.2
baseline,29,82.84210526315789,83.34328358208955,85.125,84.125,76.64285714285714,82.33333333333333,72.66666666666667,81.8
baseline,30,81.86234817813765,82.46268656716418,84.25,81.25,76.0,80.66666666666667,71.33333333333333,80.1
baseline,31,82.22267206477733,82.83084577114428,84.375,81.625,75.71428571428571,82.33333333333333,72.33333333333333,80.8
baseline,32,82.53441295546558,83.1044776119403,84.375,81.75,76.21428571428571,83.0,74.0,81.5
baseline,33,82.35627530364373,83.07462686567165,83.5,82.125,74.57142857142857,82.66666666666667,72.0,81.1
baseline,34,82.17408906882591,82.73134328358209,84.125,81.0,76.5,83.0,73.33333333333333,80.7
baseline,35,82.71255060728745,83.32338308457712,85.375,83.625,75.35714285714286,81.33333333333333,72.66666666666667,81.3
baseline,36,82.53846153846153,83.12437810945273,84.0,81.875,76.57142857142857,82.66666666666667,73.66666666666667,81.1
baseline,37,82.45344129554655,83.02487562189054,84.875,82.375,75.71428571428571,82.33333333333333,73.0,81.4
baseline,38,82.5425101214575,83.13432835820896,85.0,83.375,75.07142857142857,83.0,73.66666666666667,81.0
baseline,39,82.51417004048584,83.03980099502488,84.875,83.5,75.71428571428571,83.0,73.66666666666667,81.3
baseline,40,82.09311740890688,82.77611940298507,84.0,81.875,74.71428571428571,81.66666666666667,71.33333333333333,80.7
baseline,41,82.60728744939271,83.23880597014926,84.625,83.875,74.5,83.0,74.0,81.1
baseline,42,82.64372469635627,83.16417910447761,85.25,83.125,76.42857142857143,82.33333333333333,73.0,81.4
baseline,43,82.38866396761134,82.96517412935323,84.375,82.25,76.42857142857143,83.0,73.33333333333333,80.2
baseline,44,82.33603238866397,83.07462686567165,83.75,81.875,73.78571428571429,83.0,72.66666666666667,81.4
baseline,45,82.17813765182186,82.85074626865672,84.125,81.75,75.28571428571429,81.66666666666667,72.66666666666667,80.1
baseline,46,82.2914979757085,82.94527363184079,84.25,81.5,75.14285714285714,82.33333333333333,72.0,81.3
baseline,47,82.23481781376518,82.77114427860697,84.875,81.875,76.35714285714286,81.33333333333333,72.33333333333333,81.1
baseline,48,82.40485829959515,82.96517412935323,85.25,83.625,75.0,82.0,72.33333333333333,81.4
baseline,49,82.08906882591093,82.70149253731343,84.75,80.875,75.71428571428571,81.33333333333333,71.66666666666667,80.9
baseline,50,82.53441295546558,83.28358208955224,85.125,83.5,72.85714285714286,82.33333333333333,73.0,81.1
baseline,51,82.14574898785425,82.7860696517413,84.5,81.625,75.0,81.66666666666667,71.66666666666667,81.1
baseline,52,82.33603238866397,82.98009950248756,83.75,81.875,75.42857142857143,82.33333333333333,72.66666666666667,81.2
baseline,53,82.13765182186235,82.81094527363184,84.125,82.75,74.57142857142857,82.33333333333333,73.0,79.8
baseline,54,82.62348178137651,83.17412935323384,84.5,81.875,76.35714285714286,83.33333333333333,73.33333333333333,82.0
baseline,55,82.19028340080972,82.86069651741293,84.25,81.375,74.78571428571429,81.66666666666667,72.0,81.3
baseline,56,82.46558704453442,83.1094527363184,85.125,82.25,75.57142857142857,82.66666666666667,72.33333333333333,80.2
baseline,57,82.42914979757084,82.98009950248756,85.25,82.75,75.35714285714286,83.0,73.0,81.4
baseline,58,82.19838056680162,82.92537313432835,83.875,81.5,73.71428571428571,82.66666666666667,73.0,81.3
baseline,59,82.79757085020243,83.34328358208955,84.625,82.125,77.21428571428571,83.0,73.0,81.6
baseline,60,82.46153846153847,83.2089552238806,83.875,83.0,73.35714285714286,82.66666666666667,73.66666666666667,81.2
baseline,61,82.16599190283401,82.77611940298507,83.875,81.25,75.35714285714286,82.33333333333333,72.0,81.8
baseline,62,82.1336032388664,82.7860696517413,84.5,81.625,75.0,82.33333333333333,72.66666666666667,80.3
baseline,63,82.64372469635627,83.2139303482587,84.625,84.0,75.28571428571429,82.66666666666667,73.66666666666667,81.5
baseline,64,82.2914979757085,82.94527363184079,85.0,83.5,74.78571428571429,82.0,72.66666666666667,79.5
baseline,65,82.18218623481782,82.76616915422886,85.125,82.875,75.42857142857143,81.33333333333333,72.0,80.3
baseline,66,82.3076923076923,82.88059701492537,84.75,82.0,75.42857142857143,82.66666666666667,73.66666666666667,81.2
baseline,67,82.53441295546558,83.12935323383084,84.375,81.75,76.28571428571429,82.33333333333333,73.0,81.4
baseline,68,82.36842105263158,83.01492537313433,84.625,82.375,74.78571428571429,82.0,72.66666666666667,81.2
baseline,69,82.63967611336032,83.18905472636816,84.75,83.25,76.42857142857143,82.66666666666667,73.66666666666667,80.8
baseline,70,82.44534412955466,83.20398009950249,83.875,82.125,73.57142857142857,82.66666666666667,73.0,81.5
baseline,71,82.42105263157895,83.04975124378109,84.875,82.625,74.92857142857143,82.66666666666667,73.33333333333333,80.8
baseline,72,81.91497975708502,82.68159203980099,83.0,81.25,73.28571428571429,82.0,72.66666666666667,81.0
baseline,73,82.57894736842105,83.1044776119403,84.75,82.0,77.28571428571429,83.0,72.66666666666667,81.0
baseline,74,82.34412955465586,82.96517412935323,84.125,82.125,75.28571428571429,82.66666666666667,73.0,81.2
baseline,75,82.09716599190283,82.8905472636816,84.375,82.0,73.5,81.66666666666667,72.66666666666667,79.4
baseline,76,82.20647773279352,82.7412935323383,85.0,83.875,75.5,81.33333333333333,72.33333333333333,80.5
baseline,77,82.2753036437247,83.01492537313433,84.375,82.5,73.71428571428571,82.0,72.0,80.7
baseline,78,82.21457489878543,82.87064676616916,84.75,81.75,75.0,81.33333333333333,71.66666666666667,80.9
baseline,79,82.29554655870446,82.87064676616916,84.5,81.625,75.64285714285714,82.66666666666667,73.33333333333333,81.4
baseline,80,82.61538461538461,83.25373134328358,84.375,81.625,75.42857142857143,82.66666666666667,73.33333333333333,82.0
baseline,81,82.37246963562752,82.99004975124379,83.875,81.0,75.85714285714286,83.0,73.66666666666667,81.4
baseline,82,82.49797570850203,83.09950248756219,84.375,81.875,76.14285714285714,82.0,72.66666666666667,81.4
baseline,83,82.07692307692308,82.7910447761194,83.875,81.75,73.71428571428571,82.33333333333333,71.66666666666667,81.3
baseline,84,82.417004048583,83.05970149253731,84.75,82.625,74.64285714285714,83.0,73.33333333333333,80.9
baseline,85,82.20242914979757,82.82089552238806,84.125,81.375,75.5,81.66666666666667,72.66666666666667,81.3
baseline,86,82.61538461538461,83.25373134328358,84.75,81.875,76.64285714285714,82.0,72.33333333333333,80.3
baseline,87,82.31174089068826,83.05970149253731,84.625,83.125,73.85714285714286,82.0,72.66666666666667,79.6
baseline,88,82.07287449392713,82.80597014925372,84.0,80.75,75.14285714285714,82.0,72.33333333333333,79.5
baseline,89,82.02834008097166,82.7412935323383,84.5,82.5,73.28571428571429,81.33333333333333,71.33333333333333,81.0
baseline,90,82.46153846153847,83.16915422885572,84.75,83.0,74.57142857142857,82.33333333333333,72.33333333333333,80.1
baseline,91,82.1417004048583,82.8407960199005,84.125,81.5,75.0,82.0,72.66666666666667,79.9
baseline,92,82.17813765182186,82.83582089552239,84.625,82.25,75.28571428571429,81.0,72.0,80.0
baseline,93,82.52226720647774,83.14925373134328,84.875,82.625,75.07142857142857,82.66666666666667,72.66666666666667,81.3
baseline,94,82.5425101214575,83.40796019900498,85.0,83.875,70.71428571428571,82.0,73.66666666666667,81.5
baseline,95,82.4493927125506,82.9950248756219,84.875,83.125,75.85714285714286,82.33333333333333,72.33333333333333,81.3
baseline,96,82.06477732793522,82.59203980099502,84.125,81.875,76.14285714285714,82.66666666666667,73.33333333333333,80.7
baseline,97,82.36437246963563,82.97512437810946,84.875,84.0,74.85714285714286,81.0,72.33333333333333,80.7
baseline,98,82.5425101214575,83.07960199004975,84.875,83.375,75.78571428571429,82.66666666666667,73.66666666666667,81.3
baseline,99,82.36032388663968,82.93034825870647,84.75,81.625,75.64285714285714,83.33333333333333,73.0,81.5
baseline,100,82.21862348178138,82.91542288557214,84.25,81.75,74.92857142857143,81.66666666666667,72.66666666666667,80.2
ensemble,1,79.89473684210526,81.17910447761194,76.25,74.625,72.42857142857143,79.66666666666667,70.66666666666667,74.5
ensemble,2,80.8502024291498,81.86567164179104,80.0,77.125,73.57142857142857,80.66666666666667,73.0,76.7
ensemble,3,81.23076923076923,82.12935323383084,80.625,79.875,73.57142857142857,80.66666666666667,71.66666666666667,78.5
ensemble,4,79.76113360323886,81.14925373134328,76.125,75.25,72.07142857142857,79.33333333333333,70.66666666666667,72.0
ensemble,5,81.22267206477733,82.14427860696517,80.375,84.125,71.28571428571429,80.33333333333333,71.66666666666667,78.1
ensemble,6,80.43319838056681,81.82587064676616,80.375,80.0,69.28571428571429,80.0,72.66666666666667,70.9
ensemble,7,80.19433198380567,81.39303482587064,80.75,80.0,70.71428571428571,79.66666666666667,73.0,71.4
ensemble,8,80.27125506072875,81.65174129353234,76.5,76.375,69.85714285714286,80.33333333333333,71.33333333333333,75.9
ensemble,9,80.76113360323886,81.94527363184079,80.375,79.375,72.0,80.33333333333333,73.0,73.1
ensemble,10,79.76923076923077,81.25373134328358,76.375,74.25,69.42857142857143,79.66666666666667,70.66666666666667,74.3
ensemble,11,80.2672064777328,81.42288557213931,77.625,76.25,74.57142857142857,80.33333333333333,70.66666666666667,73.2
ensemble,12,80.5910931174089,81.65671641791045,78.625,78.25,73.5,80.33333333333333,70.66666666666667,75.6
ensemble,13,79.94331983805668,81.44278606965175,76.125,77.0,69.78571428571429,80.33333333333333,73.33333333333333,71.3
ensemble,14,80.38056680161944,81.61691542288557,77.625,78.0,73.42857142857143,80.33333333333333,73.0,71.6
ensemble,15,80.12145748987854,81.41293532338308,77.25,76.25,72.14285714285714,80.33333333333333,72.33333333333333,73.0
ensemble,16,80.33198380566802,81.67661691542288,77.375,76.125,70.64285714285714,80.33333333333333,71.33333333333333,75.3
ensemble,17,80.53846153846153,81.81094527363184,76.625,77.5,72.14285714285714,80.33333333333333,73.66666666666667,74.4
ensemble,18,80.20647773279352,81.48258706467662,76.5,77.875,73.21428571428571,80.0,72.66666666666667,71.5
ensemble,19,80.48582995951416,81.70149253731343,77.375,77.75,73.14285714285714,79.66666666666667,73.0,73.5
ensemble,20,79.65991902834008,81.18407960199005,77.125,75.625,68.5,79.66666666666667,70.66666666666667,72.6
ensemble,21,80.49392712550608,81.81094527363184,77.5,76.25,71.92857142857143,80.66666666666667,73.0,74.0
ensemble,22,80.71255060728745,81.74626865671642,77.625,77.125,73.35714285714286,80.66666666666667,71.66666666666667,78.3
ensemble,23,80.71255060728745,81.71641791044776,78.5,81.75,71.42857142857143,79.66666666666667,70.66666666666667,77.8
ensemble,24,79.36842105263158,80.80099502487562,75.625,74.5,71.14285714285714,79.66666666666667,71.33333333333333,71.3
ensemble,25,80.01214574898785,81.49253731343283,75.75,75.125,70.78571428571429,80.0,73.33333333333333,72.5
ensemble,26,80.64777327935222,81.77114427860697,77.375,76.25,75.57142857142857,80.33333333333333,73.0,73.7
ensemble,27,80.06882591093117,81.59701492537313,76.75,77.0,69.64285714285714,79.66666666666667,73.0,71.3
ensemble,28,80.14574898785425,81.50746268656717,76.5,77.0,71.78571428571429,79.66666666666667,73.33333333333333,72.1
ensemble,29,81.11740890688259,82.09950248756219,79.0,81.125,74.21428571428571,80.33333333333333,71.33333333333333,75.9
ensemble,30,80.49392712550608,81.54228855721394,80.0,77.0,73.35714285714286,80.33333333333333,70.66666666666667,75.6
ensemble,31,80.43319838056681,81.48258706467662,78.5,78.625,73.57142857142857,80.66666666666667,72.66666666666667,74.2
ensemble,32,80.36842105263158,81.54726368159204,80.875,77.625,72.5,80.33333333333333,73.33333333333333,71.6
ensemble,33,80.46963562753037,81.64179104477611,77.125,76.75,71.5,80.33333333333333,71.33333333333333,77.9
ensemble,34,80.90688259109312,81.94029850746269,81.0,80.375,74.5,80.66666666666667,73.66666666666667,71.7
ensemble,35,80.64777327935222,81.73134328358209,79.125,80.75,73.14285714285714,79.66666666666667,71.0,73.7
ensemble,36,79.73684210526316,81.1542288557214,77.125,76.375,69.57142857142857,80.33333333333333,70.66666666666667,72.8
ensemble,37,80.44534412955466,81.55721393034825,79.25,77.75,73.5,80.33333333333333,72.0,73.5
ensemble,38,80.64777327935222,81.9950248756219,77.5,76.75,70.85714285714286,80.33333333333333,73.0,75.3
ensemble,39,79.96356275303644,81.29353233830845,76.0,77.0,72.07142857142857,79.66666666666667,73.0,72.0
ensemble,40,80.91902834008097,82.04477611940298,81.125,82.375,71.28571428571429,80.33333333333333,71.66666666666667,73.4
ensemble,41,80.4412955465587,81.87562189054727,76.375,75.25,70.42857142857143,80.33333333333333,71.66666666666667,75.7
ensemble,42,80.31983805668017,81.59203980099502,76.75,76.75,73.92857142857143,80.33333333333333,73.0,71.6
ensemble,43,79.43319838056681,81.0,75.5,74.5,69.42857142857143,80.0,73.0,70.8
ensemble,44,79.73684210526316,81.26865671641791,76.125,74.75,69.5,80.33333333333333,71.33333333333333,72.5
ensemble,45,80.39271255060729,81.53731343283582,80.125,76.625,74.14285714285714,80.33333333333333,73.33333333333333,71.5
ensemble,46,80.09311740890688,81.27860696517413,77.75,80.5,71.28571428571429,79.66666666666667,69.66666666666667,73.4
ensemble,47,79.93927125506073,81.26865671641791,77.125,76.125,71.57142857142857,80.33333333333333,70.66666666666667,72.9
ensemble,48,79.87044534412955,81.2089552238806,76.25,77.0,72.35714285714286,79.66666666666667,72.66666666666667,70.9
ensemble,49,80.4251012145749,81.636815920398,77.0,77.875,72.14285714285714,79.66666666666667,71.0,75.5
ensemble,50,80.91093117408907,81.97014925373135,77.375,77.375,73.5,80.0,73.33333333333333,78.2
ensemble,51,80.62348178137651,81.80597014925372,77.375,76.75,73.64285714285714,80.33333333333333,73.33333333333333,74.6
ensemble,52,80.67611336032388,81.93532338308458,76.625,75.375,73.21428571428571,80.33333333333333,71.66666666666667,76.1
ensemble,53,81.3157894736842,82.32338308457712,82.125,84.5,72.28571428571429,80.33333333333333,72.33333333333333,73.5
ensemble,54,80.10526315789474,81.40796019900498,76.5,74.875,72.07142857142857,80.0,70.0,75.3
ensemble,55,80.70445344129554,81.78109452736318,77.0,76.875,73.0,80.33333333333333,74.33333333333333,77.9
ensemble,56,81.08097165991903,82.09950248756219,80.625,78.875,72.07142857142857,80.66666666666667,71.66666666666667,78.3
ensemble,57,79.97165991902834,81.28358208955224,78.625,80.125,69.0,79.66666666666667,71.66666666666667,72.5
ensemble,58,80.63967611336032,81.7363184079602,77.5,76.875,72.57142857142857,80.33333333333333,71.66666666666667,78.2
ensemble,59,80.5910931174089,81.8457711442786,76.875,77.625,73.0,80.66666666666667,73.33333333333333,73.5
ensemble,60,80.39676113360323,81.51741293532338,77.25,76.75,72.14285714285714,80.33333333333333,71.33333333333333,77.6
ensemble,61,80.10121457489879,81.53731343283582,78.875,76.25,69.5,80.33333333333333,70.66666666666667,72.9
ensemble,62,80.7165991902834,81.95024875621891,77.375,76.75,74.07142857142857,78.66666666666667,74.0,73.7
ensemble,63,80.38866396761134,81.70646766169155,76.625,76.625,71.07142857142857,80.33333333333333,71.33333333333333,75.7
ensemble,64,79.63562753036437,81.13432835820896,77.125,75.625,68.85714285714286,79.66666666666667,70.33333333333333,72.6
ensemble,65,80.93522267206478,82.03980099502488,77.25,77.5,73.07142857142857,79.66666666666667,72.0,78.5
ensemble,66,80.38461538461539,81.55223880597015,77.625,76.25,74.5,80.33333333333333,73.0,72.9
ensemble,67,79.69635627530364,80.94527363184079,75.75,75.125,70.85714285714286,79.66666666666667,71.0,76.4
ensemble,68,80.44534412955466,81.6318407960199,78.125,79.625,72.57142857142857,80.0,70.66666666666667,73.2
ensemble,69,80.08906882591093,81.3681592039801,76.875,76.125,71.57142857142857,80.33333333333333,70.66666666666667,74.8
ensemble,70,79.52631578947368,81.37810945273633,75.75,75.0,65.92857142857143,79.33333333333333,72.33333333333333,70.2
ensemble,71,80.76518218623482,81.90049751243781,80.125,78.5,71.78571428571429,80.33333333333333,71.33333333333333,75.8
ensemble,72,80.15384615384616,81.38308457711443,77.375,76.625,73.07142857142857,80.33333333333333,70.66666666666667,73.2
ensemble,73,80.39271255060729,81.67661691542288,79.875,76.25,72.21428571428571,80.33333333333333,71.0,72.6
ensemble,74,80.04453441295547,81.33830845771145,79.625,76.5,71.92857142857143,79.66666666666667,72.33333333333333,71.0
ensemble,75,80.90688259109312,82.01990049751244,79.25,79.5,72.28571428571429,80.33333333333333,73.0,75.6
ensemble,76,80.01619433198381,81.34328358208955,77.125,76.0,71.57142857142857,80.33333333333333,72.0,73.0
ensemble,77,79.84210526315789,81.35820895522389,75.75,74.75,69.5,80.0,71.33333333333333,73.7
ensemble,78,79.97975708502024,81.26865671641791,76.125,74.875,73.14285714285714,79.66666666666667,73.0,73.0
ensemble,79,80.12955465587045,81.43283582089552,77.5,76.25,72.14285714285714,80.33333333333333,72.66666666666667,72.5
ensemble,80,79.39271255060729,80.8905472636816,75.75,74.75,70.78571428571429,77.66666666666667,72.33333333333333,70.6
ensemble,81,80.00404858299595,81.33830845771145,77.25,75.875,71.21428571428571,80.33333333333333,71.0,73.6
ensemble,82,80.20647773279352,81.69154228855722,76.875,78.75,68.85714285714286,79.66666666666667,71.0,73.0
ensemble,83,79.5506072874494,81.11940298507463,76.0,74.625,69.78571428571429,79.66666666666667,70.66666666666667,71.1
ensemble,84,79.67611336032388,81.1094527363184,75.875,74.375,71.85714285714286,79.66666666666667,72.0,71.4
ensemble,85,80.36842105263158,81.48258706467662,77.75,76.875,73.35714285714286,80.33333333333333,70.66666666666667,75.6
ensemble,86,80.62753036437248,81.83582089552239,76.25,75.625,72.28571428571429,80.33333333333333,72.0,78.2
ensemble,87,80.08502024291498,81.46766169154229,76.125,74.375,72.0,80.0,73.0,73.5
ensemble,88,81.30364372469636,82.28855721393035,80.125,77.375,73.92857142857143,80.66666666666667,73.66666666666667,78.4
ensemble,89,80.4412955465587,81.67164179104478,76.375,77.375,70.5,80.33333333333333,71.66666666666667,78.0
ensemble,90,79.84615384615384,81.53731343283582,75.875,74.875,67.64285714285714,79.66666666666667,71.33333333333333,72.7
ensemble,91,81.57085020242916,82.46268656716418,81.0,80.375,74.42857142857143,80.66666666666667,71.66666666666667,78.3
ensemble,92,80.91497975708502,81.95522388059702,81.25,80.625,73.42857142857143,80.33333333333333,71.66666666666667,73.4
ensemble,93,80.51417004048584,81.71641791044776,77.0,75.125,72.21428571428571,80.33333333333333,71.66666666666667,77.8
ensemble,94,79.83805668016194,81.27860696517413,75.75,74.75,71.21428571428571,79.66666666666667,71.33333333333333,72.9
ensemble,95,80.1336032388664,81.50746268656717,77.125,75.875,71.35714285714286,80.0,72.66666666666667,72.9
ensemble,96,80.23481781376518,81.76119402985074,77.375,75.875,70.0,81.33333333333333,73.0,71.5
ensemble,97,80.1497975708502,81.50746268656717,76.125,75.125,71.14285714285714,80.33333333333333,71.0,75.4
ensemble,98,79.97570850202429,81.2587064676617,76.0,74.625,70.57142857142857,80.33333333333333,70.66666666666667,77.5
ensemble,99,80.10121457489879,81.4776119402985,76.25,76.75,71.5,79.66666666666667,71.0,73.1
ensemble,100,81.29554655870446,82.18905472636816,79.75,78.625,75.07142857142857,80.33333333333333,71.66666666666667,78.6
