group,design_number,overall_pLDDT,median_pLDDT,min_pLDDT,max_pLDDT
baseline,1,82.46153846153847,86.0,47.0,94.0
baseline,2,82.2672064777328,86.0,47.0,94.0
baseline,3,82.32793522267207,86.0,50.0,94.0
baseline,4,82.02834008097166,85.0,50.0,94.0
baseline,5,82.46558704453442,86.0,49.0,94.0
baseline,6,82.22267206477733,85.0,49.0,94.0
baseline,7,82.39676113360323,86.0,47.0,94.0
baseline,8,82.417004048583,86.0,48.0,94.0
baseline,9,82.06072874493927,85.0,50.0,94.0
baseline,10,82.0080971659919,85.0,49.0,94.0
baseline,11,82.21457489878543,86.0,49.0,94.0
baseline,12,82.49392712550608,86.0,49.0,94.0
baseline,13,82.45344129554655,86.0,48.0,94.0
baseline,14,82.57085020242916,86.0,48.0,94.0
baseline,15,81.97570850202429,85.0,50.0,94.0
baseline,16,82.18218623481782,85.0,50.0,94.0
baseline,17,82.2914979757085,85.0,51.0,94.0
baseline,18,82.5748987854251,86.0,49.0,94.0
baseline,19,82.4089068825911,86.0,51.0,94.0
baseline,20,82.4574898785425,86.0,49.0,94.0
baseline,21,82.4574898785425,86.0,48.0,94.0
baseline,22,82.38056680161944,86.0,48.0,94.0
baseline,23,82.20647773279352,86.0,48.0,94.0
baseline,24,82.14574898785425,85.0,48.0,94.0
baseline,25,82.21862348178138,85.0,48.0,94.0
baseline,26,82.10526315789474,85.0,48.0,94.0
baseline,27,82.49392712550608,86.0,49.0,94.0
baseline,28,82.0080971659919,85.0,48.0,94.0
baseline,29,82.84210526315789,86.0,48.0,94.0
baseline,30,81.86234817813765,85.0,49.0,94.0
baseline,31,82.22267206477733,86.0,50.0,94.0
baseline,32,82.53441295546558,86.0,48.0,94.0
baseline,33,82.35627530364373,86.0,48.0,94.0
baseline,34,82.17408906882591,86.0,48.0,94.0
baseline,35,82.71255060728745,86.0,49.0,94.0
baseline,36,82.53846153846153,86.0,47.0,94.0
baseline,37,82.45344129554655,86.0,48.0,94.0
baseline,38,82.5425101214575,86.0,48.0,94.0
baseline,39,82.51417004048584,86.0,47.0,94.0
baseline,40,82.09311740890688,85.0,51.0,94.0
baseline,41,82.60728744939271,86.0,48.0,94.0
baseline,42,82.64372469635627,86.0,49.0,94.0
baseline,43,82.38866396761134,86.0,48.0,94.0
baseline,44,82.33603238866397,86.0,47.0,94.0
baseline,45,82.17813765182186,86.0,49.0,94.0
baseline,46,82.2914979757085,86.0,50.0,94.0
baseline,47,82.23481781376518,85.0,49.0,94.0
baseline,48,82.40485829959515,86.0,47.0,94.0
baseline,49,82.08906882591093,85.0,49.0,94.0
baseline,50,82.53441295546558,86.0,48.0,94.0
baseline,51,82.14574898785425,85.0,48.0,94.0
baseline,52,82.33603238866397,85.0,49.0,94.0
baseline,53,82.13765182186235,86.0,48.0,94.0
baseline,54,82.62348178137651,86.0,50.0,94.0
baseline,55,82.19028340080972,85.0,48.0,94.0
baseline,56,82.46558704453442,86.0,51.0,94.0
baseline,57,82.42914979757084,86.0,48.0,94.0
baseline,58,82.19838056680162,86.0,46.0,94.0
baseline,59,82.79757085020243,86.0,51.0,94.0
baseline,60,82.46153846153847,86.0,46.0,94.0
baseline,61,82.16599190283401,85.0,49.0,94.0
baseline,62,82.1336032388664,86.0,49.0,94.0
baseline,63,82.64372469635627,86.0,46.0,94.0
baseline,64,82.2914979757085,86.0,48.0,94.0
baseline,65,82.18218623481782,86.0,50.0,94.0
baseline,66,82.3076923076923,86.0,46.0,94.0
baseline,67,82.53441295546558,86.0,50.0,94.0
baseline,68,82.36842105263158,86.0,48.0,94.0
baseline,69,82.63967611336032,86.0,47.0,94.0
baseline,70,82.44534412955466,86.0,53.0,94.0
baseline,71,82.42105263157895,86.0,48.0,94.0
baseline,72,81.91497975708502,85.0,46.0,94.0
baseline,73,82.57894736842105,86.0,48.0,94.0
baseline,74,82.34412955465586,86.0,48.0,94.0
baseline,75,82.09716599190283,86.0,50.0,94.0
baseline,76,82.20647773279352,85.0,50.0,94.0
baseline,77,82.2753036437247,86.0,49.0,94.0
baseline,78,82.21457489878543,85.0,49.0,94.0
baseline,79,82.29554655870446,86.0,48.0,94.0
baseline,80,82.61538461538461,86.0,49.0,94.0
baseline,81,82.37246963562752,86.0,48.0,94.0
baseline,82,82.49797570850203,86.0,50.0,94.0
baseline,83,82.07692307692308,85.0,48.0,94.0
baseline,84,82.417004048583,86.0,47.0,94.0
baseline,85,82.20242914979757,86.0,48.0,94.0
baseline,86,82.61538461538461,86.0,50.0,94.0
baseline,87,82.31174089068826,86.0,49.0,94.0
baseline,88,82.07287449392713,86.0,48.0,94.0
baseline,89,82.02834008097166,85.0,48.0,94.0
baseline,90,82.46153846153847,86.0,49.0,94.0
baseline,91,82.1417004048583,86.0,49.0,94.0
baseline,92,82.17813765182186,86.0,50.0,94.0
baseline,93,82.52226720647774,86.0,49.0,94.0
baseline,94,82.5425101214575,86.0,47.0,94.0
baseline,95,82.4493927125506,86.0,52.0,94.0
baseline,96,82.06477732793522,85.0,47.0,94.0
baseline,97,82.36437246963563,86.0,48.0,94.0
baseline,98,82.5425101214575,86.0,48.0,94.0
baseline,99,82.36032388663968,86.0,49.0,94.0
baseline,100,82.21862348178138,85.0,50.0,94.0
ensemble,1,79.89473684210526,83.0,50.0,93.0
ensemble,2,80.8502024291498,84.0,51.0,94.0
ensemble,3,81.23076923076923,84.0,51.0,94.0
ensemble,4,79.76113360323886,83.0,49.0,93.0
ensemble,5,81.22267206477733,85.0,48.0,94.0
ensemble,6,80.43319838056681,84.0,50.0,94.0
ensemble,7,80.19433198380567,83.0,50.0,94.0
ensemble,8,80.27125506072875,84.0,50.0,94.0
ensemble,9,80.76113360323886,84.0,51.0,94.0
ensemble,10,79.76923076923077,83.0,50.0,93.0
ensemble,11,80.2672064777328,84.0,51.0,94.0
ensemble,12,80.5910931174089,84.0,51.0,94.0
ensemble,13,79.94331983805668,83.0,50.0,94.0
ensemble,14,80.38056680161944,84.0,50.0,94.0
ensemble,15,80.12145748987854,83.0,50.0,93.0
ensemble,16,80.33198380566802,84.0,51.0,94.0
ensemble,17,80.53846153846153,84.0,49.0,94.0
ensemble,18,80.20647773279352,83.0,50.0,94.0
ensemble,19,80.48582995951416,84.0,49.0,94.0
ensemble,20,79.65991902834008,83.0,51.0,93.0
ensemble,21,80.49392712550608,84.0,50.0,94.0
ensemble,22,80.71255060728745,84.0,52.0,94.0
ensemble,23,80.71255060728745,84.0,50.0,94.0
ensemble,24,79.36842105263158,82.0,49.0,93.0
ensemble,25,80.01214574898785,83.0,50.0,93.0
ensemble,26,80.64777327935222,84.0,50.0,94.0
ensemble,27,80.06882591093117,84.0,49.0,94.0
ensemble,28,80.14574898785425,83.0,49.0,94.0
ensemble,29,81.11740890688259,85.0,52.0,94.0
ensemble,30,80.49392712550608,84.0,51.0,93.0
ensemble,31,80.43319838056681,84.0,50.0,94.0
ensemble,32,80.36842105263158,84.0,50.0,94.0
ensemble,33,80.46963562753037,84.0,52.0,94.0
ensemble,34,80.90688259109312,84.0,50.0,94.0
ensemble,35,80.64777327935222,84.0,50.0,94.0
ensemble,36,79.73684210526316,83.0,50.0,93.0
ensemble,37,80.44534412955466,84.0,51.0,94.0
ensemble,38,80.64777327935222,84.0,50.0,94.0
ensemble,39,79.96356275303644,83.0,49.0,94.0
ensemble,40,80.91902834008097,84.0,51.0,94.0
ensemble,41,80.4412955465587,84.0,51.0,94.0
ensemble,42,80.31983805668017,83.0,50.0,94.0
ensemble,43,79.43319838056681,83.0,49.0,93.0
ensemble,44,79.73684210526316,83.0,50.0,93.0
ensemble,45,80.39271255060729,84.0,50.0,94.0
ensemble,46,80.09311740890688,84.0,50.0,94.0
ensemble,47,79.93927125506073,84.0,50.0,93.0
ensemble,48,79.87044534412955,83.0,50.0,94.0
ensemble,49,80.4251012145749,84.0,51.0,94.0
ensemble,50,80.91093117408907,84.0,51.0,94.0
ensemble,51,80.62348178137651,84.0,51.0,94.0
ensemble,52,80.67611336032388,84.0,51.0,94.0
ensemble,53,81.3157894736842,85.0,50.0,94.0
ensemble,54,80.10526315789474,83.0,51.0,93.0
ensemble,55,80.70445344129554,84.0,50.0,94.0
ensemble,56,81.08097165991903,85.0,51.0,94.0
ensemble,57,79.97165991902834,84.0,50.0,94.0
ensemble,58,80.63967611336032,84.0,51.0,94.0
ensemble,59,80.5910931174089,84.0,50.0,94.0
ensemble,60,80.39676113360323,84.0,51.0,93.0
ensemble,61,80.10121457489879,83.0,51.0,94.0
ensemble,62,80.7165991902834,84.0,49.0,94.0
ensemble,63,80.38866396761134,84.0,51.0,94.0
ensemble,64,79.63562753036437,83.0,50.0,93.0
ensemble,65,80.93522267206478,84.0,51.0,94.0
ensemble,66,80.38461538461539,84.0,50.0,93.0
ensemble,67,79.69635627530364,83.0,50.0,93.0
ensemble,68,80.44534412955466,84.0,51.0,94.0
ensemble,69,80.08906882591093,83.0,50.0,93.0
ensemble,70,79.52631578947368,83.0,48.0,94.0
ensemble,71,80.76518218623482,84.0,51.0,94.0
ensemble,72,80.15384615384616,84.0,50.0,94.0
ensemble,73,80.39271255060729,84.0,51.0,94.0
ensemble,74,80.04453441295547,83.0,50.0,94.0
ensemble,75,80.90688259109312,84.0,51.0,94.0
ensemble,76,80.01619433198381,84.0,50.0,93.0
ensemble,77,79.84210526315789,83.0,50.0,93.0
ensemble,78,79.97975708502024,83.0,49.0,93.0
ensemble,79,80.12955465587045,84.0,50.0,93.0
ensemble,80,79.39271255060729,83.0,49.0,93.0
ensemble,81,80.00404858299595,84.0,50.0,93.0
ensemble,82,80.20647773279352,83.0,51.0,94.0
ensemble,83,79.5506072874494,83.0,49.0,93.0
ensemble,84,79.67611336032388,83.0,49.0,93.0
ensemble,85,80.36842105263158,84.0,51.0,94.0
ensemble,86,80.62753036437248,84.0,51.0,94.0
ensemble,87,80.08502024291498,83.0,50.0,93.0
ensemble,88,81.30364372469636,85.0,51.0,94.0
ensemble,89,80.4412955465587,84.0,51.0,94.0
ensemble,90,79.84615384615384,84.0,50.0,94.0
ensemble,91,81.57085020242916,85.0,51.0,94.0
ensemble,92,80.91497975708502,84.0,51.0,94.0
ensemble,93,80.51417004048584,84.0,52.0,94.0
ensemble,94,79.83805668016194,83.0,50.0,93.0
ensemble,95,80.1336032388664,84.0,51.0,94.0
ensemble,96,80.23481781376518,84.0,50.0,94.0
ensemble,97,80.1497975708502,83.0,51.0,93.0
ensemble,98,79.97570850202429,83.0,51.0,94.0
ensemble,99,80.10121457489879,83.0,50.0,94.0
ensemble,100,81.29554655870446,85.0,52.0,94.0
