group,design_number,original_heavy_RMSD,filtered_heavy_RMSD,difference,original_pairs,filtered_pairs
baseline,1,5.372466886696398,2.334121890727028,-3.0383449959693705,60,58
baseline,2,5.366746589042033,2.329461237822708,-3.037285351219325,60,58
baseline,3,5.370072640032447,2.3332718873747034,-3.0368007526577436,60,58
baseline,4,5.368264998390505,2.3296754711615564,-3.038589527228949,60,58
baseline,5,5.370682827961732,2.3338685760345474,-3.036814251927184,60,58
baseline,6,5.3692866982008125,2.3307628099162674,-3.038523888284545,60,58
baseline,7,5.370528702542467,2.332543331506728,-3.037985371035739,60,58
baseline,8,5.368901149153702,2.3299027288897416,-3.0389984202639604,60,58
baseline,9,5.369387047780511,2.332616282474276,-3.0367707653062346,60,58
baseline,10,5.369673469878281,2.3311924933908674,-3.0384809764874134,60,58
baseline,11,5.370054860823683,2.3341783652192407,-3.0358764956044424,60,58
baseline,12,5.370809807797078,2.3337556022388206,-3.037054205558257,60,58
baseline,13,5.369459452218111,2.333923419469337,-3.035536032748774,60,58
baseline,14,5.366716817710618,2.328166817309801,-3.0385500004008166,60,58
baseline,15,5.36868226802188,2.3296484643314175,-3.0390338036904625,60,58
baseline,16,5.370481517957456,2.3338115078850787,-3.0366700100723776,60,58
baseline,17,5.370598261707353,2.3330087580309185,-3.0375895036764344,60,58
baseline,18,5.369428664967874,2.330741226832046,-3.0386874381358275,60,58
baseline,19,5.373049296940159,2.335072709946225,-3.0379765869939335,60,58
baseline,20,5.370545575443387,2.3337437067196323,-3.036801868723755,60,58
baseline,21,5.36679769292287,2.329434667488283,-3.0373630254345874,60,58
baseline,22,5.368999421098817,2.3301387205094293,-3.0388607005893875,60,58
baseline,23,5.369310975820563,2.3310979818302817,-3.038212993990281,60,58
baseline,24,5.3692581848442495,2.33166467369374,-3.0375935111505097,60,58
baseline,25,5.368581475509203,2.3309530372050364,-3.037628438304167,60,58
baseline,26,5.3720962443510825,2.332451452976214,-3.0396447913748683,60,58
baseline,27,5.3698546744799645,2.3312401979621087,-3.0386144765178558,60,58
baseline,28,5.368851744546932,2.3322882705085073,-3.0365634740384246,60,58
baseline,29,5.371569950638952,2.3332485250900947,-3.038321425548857,60,58
baseline,30,5.3677486294182675,2.330347572754006,-3.0374010566642613,60,58
baseline,31,5.369314107229155,2.3308259988574256,-3.038488108371729,60,58
baseline,32,5.3704821207447395,2.3327622158592343,-3.0377199048855053,60,58
baseline,33,5.371154997619422,2.3335433555368374,-3.037611642082585,60,58
baseline,34,5.367772998392805,2.330549026369967,-3.0372239720228382,60,58
baseline,35,5.374290908974698,2.3355240179568453,-3.038766891017853,60,58
baseline,36,5.369550610374967,2.3309412550942508,-3.038609355280716,60,58
baseline,37,5.369504064369437,2.3326995425771098,-3.036804521792327,60,58
baseline,38,5.370491081476408,2.3337835519109102,-3.036707529565498,60,58
baseline,39,5.368096997847648,2.330687086772573,-3.0374099110750747,60,58
baseline,40,5.370388991257339,2.331937856835148,-3.0384511344221905,60,58
baseline,41,5.369857368557424,2.331165215170173,-3.038692153387251,60,58
baseline,42,5.369493695981528,2.3339420409202996,-3.0355516550612283,60,58
baseline,43,5.368067235577489,2.3296191983457635,-3.0384480372317255,60,58
baseline,44,5.372379398114248,2.334544723623447,-3.0378346744908007,60,58
baseline,45,5.368020037687258,2.329736536890932,-3.038283500796326,60,58
baseline,46,5.369913046376501,2.332052935809225,-3.0378601105672765,60,58
baseline,47,5.368434810703942,2.331546333692598,-3.036888477011344,60,58
baseline,48,5.369320458901204,2.332859478907824,-3.03646097999338,60,58
baseline,49,5.3697785728023035,2.332780684796571,-3.0369978880057324,60,58
baseline,50,5.369958791884462,2.3322431259892213,-3.0377156658952402,60,58
baseline,51,5.3696677795081715,2.333217825227804,-3.0364499542803673,60,58
baseline,52,5.371492417168307,2.333278635443962,-3.038213781724345,60,58
baseline,53,5.368363285304302,2.3291759282704176,-3.0391873570338848,60,58
baseline,54,5.370381300635467,2.3322207912204855,-3.0381605094149813,60,58
baseline,55,5.37137954216305,2.3340866547664656,-3.037292887396584,60,58
baseline,56,5.3711661637320605,2.3349565080052823,-3.036209655726778,60,58
baseline,57,5.36948291290672,2.3331388254936107,-3.036344087413109,60,58
baseline,58,5.370764875477389,2.3323267997928987,-3.03843807568449,60,58
baseline,59,5.371819668427223,2.3322823306467884,-3.039537337780435,60,58
baseline,60,5.372736217529055,2.3341270200234967,-3.0386091975055582,60,58
baseline,61,5.367352898215508,2.3290766556690863,-3.0382762425464214,60,58
baseline,62,5.369360222532219,2.3321375930121393,-3.0372226295200795,60,58
baseline,63,5.367908131239874,2.330411307909865,-3.037496823330009,60,58
baseline,64,5.369549214499356,2.3334321133565643,-3.036117101142792,60,58
baseline,65,5.368971335401206,2.330516157903241,-3.0384551774979647,60,58
baseline,66,5.369037596578784,2.330418955408465,-3.038618641170319,60,58
baseline,67,5.37056427522859,2.3315890274913835,-3.0389752477372065,60,58
baseline,68,5.371052419844371,2.3325528205556423,-3.038499599288729,60,58
baseline,69,5.370398590376216,2.3321005490082527,-3.0382980413679634,60,58
baseline,70,5.369982079149263,2.3327528719732036,-3.03722920717606,60,58
baseline,71,5.369241144441565,2.3336368169073776,-3.0356043275341875,60,58
baseline,72,5.368974725967208,2.329172028579145,-3.0398026973880627,60,58
baseline,73,5.36780758393907,2.33027367848343,-3.0375339054556405,60,58
baseline,74,5.369626561335998,2.3329793445525575,-3.036647216783441,60,58
baseline,75,5.372534747468296,2.3336437914824995,-3.0388909559857966,60,58
baseline,76,5.368887284653673,2.33005713680138,-3.038830147852293,60,58
baseline,77,5.3722866892185674,2.3325701232512803,-3.039716565967287,60,58
baseline,78,5.370846060920661,2.333888893396497,-3.0369571675241636,60,58
baseline,79,5.369124955272485,2.3320703591616327,-3.0370545961108526,60,58
baseline,80,5.372858100819334,2.332086632563345,-3.040771468255989,60,58
baseline,81,5.369383472202002,2.331985669740102,-3.0373978024619,60,58
baseline,82,5.369962019491807,2.3301636674940043,-3.039798351997803,60,58
baseline,83,5.3711169471621965,2.3318810487416766,-3.03923589842052,60,58
baseline,84,5.369615269125089,2.333634323545614,-3.035980945579475,60,58
baseline,85,5.367112284376709,2.3295994952236643,-3.037512789153045,60,58
baseline,86,5.3693019379787374,2.3339306856328372,-3.0353712523459,60,58
baseline,87,5.372661936414877,2.3331581028761796,-3.0395038335386975,60,58
baseline,88,5.371056117428975,2.335555713071841,-3.0355004043571343,60,58
baseline,89,5.3715482576506846,2.3352629388511335,-3.036285318799551,60,58
baseline,90,5.371088748006357,2.3347063520923244,-3.0363823959140324,60,58
baseline,91,5.368826117071364,2.3315002475750997,-3.037325869496264,60,58
baseline,92,5.370379890340148,2.3315919518746053,-3.0387879384655427,60,58
baseline,93,5.370498902919703,2.333471237095464,-3.037027665824239,60,58
baseline,94,5.371374518765729,2.332119889825936,-3.0392546289397933,60,58
baseline,95,5.368055253746725,2.3293827920092562,-3.0386724617374687,60,58
baseline,96,5.366200839004132,2.328444448504174,-3.037756390499958,60,58
baseline,97,5.368774363540254,2.3302555872707758,-3.0385187762694783,60,58
baseline,98,5.3691927666627395,2.3315905660017733,-3.037602200660966,60,58
baseline,99,5.369244587057068,2.3319404168323628,-3.0373041702247052,60,58
baseline,100,5.36873568221866,2.329861736439139,-3.038873945779521,60,58
ensemble,1,5.368807116576023,2.328376391437886,-3.040430725138137,60,58
ensemble,2,5.371265612650026,2.3295709614541735,-3.0416946511958525,60,58
ensemble,3,5.370094112874602,2.3272024987799953,-3.0428916140946067,60,58
ensemble,4,5.371757770536568,2.3332849773883524,-3.038472793148216,60,58
ensemble,5,5.366175857755377,2.3252009832791973,-3.0409748744761798,60,58
ensemble,6,5.372554713144968,2.3310234358487505,-3.0415312772962175,60,58
ensemble,7,5.370600441424308,2.327606546135294,-3.042993895289014,60,58
ensemble,8,5.374363323677669,2.3381445770014797,-3.0362187466761896,60,58
ensemble,9,5.3697766119058725,2.3271821891599145,-3.042594422745958,60,58
ensemble,10,5.368094242422602,2.328359351093546,-3.039734891329056,60,58
ensemble,11,5.369557250228959,2.3233376446380256,-3.046219605590933,60,58
ensemble,12,5.3723796327025655,2.3284749890346412,-3.0439046436679242,60,58
ensemble,13,5.36893278313423,2.328132934707282,-3.0407998484269485,60,58
ensemble,14,5.368623945458977,2.3222073678334736,-3.0464165776255037,60,58
ensemble,15,5.367131106230904,2.3233500510062277,-3.043781055224676,60,58
ensemble,16,5.368081836020471,2.323007403128656,-3.045074432891815,60,58
ensemble,17,5.368294225227813,2.3268363622132577,-3.0414578630145552,60,58
ensemble,18,5.367190879230353,2.324565314319806,-3.0426255649105474,60,58
ensemble,19,5.368649012311179,2.3268792774024227,-3.0417697349087565,60,58
ensemble,20,5.366697778185639,2.321904195935337,-3.044793582250302,60,58
ensemble,21,5.367500050734634,2.323774631586441,-3.043725419148193,60,58
ensemble,22,5.369604860301229,2.3238176660978387,-3.0457871942033905,60,58
ensemble,23,5.36560969482197,2.3199565841272634,-3.0456531106947065,60,58
ensemble,24,5.369933071530791,2.3295833870984075,-3.040349684432383,60,58
ensemble,25,5.369777808204421,2.330116869648234,-3.0396609385561866,60,58
ensemble,26,5.369873501259992,2.325878608139185,-3.0439948931208067,60,58
ensemble,27,5.3683340142121185,2.3258678755079423,-3.0424661387041763,60,58
ensemble,28,5.369200344961912,2.329019211767932,-3.04018113319398,60,58
ensemble,29,5.377494729815332,2.335268398052617,-3.042226331762715,60,58
ensemble,30,5.3708299756351705,2.3295459621145387,-3.041284013520632,60,58
ensemble,31,5.3681294096135925,2.325277582783011,-3.0428518268305815,60,58
ensemble,32,5.372085594706291,2.330531406656443,-3.041554188049848,60,58
ensemble,33,5.3686121622369445,2.327493490990321,-3.0411186712466236,60,58
ensemble,34,5.373381794685495,2.3290230504810525,-3.044358744204443,60,58
ensemble,35,5.374295964301742,2.331578120004136,-3.0427178442976057,60,58
ensemble,36,5.366052117493082,2.3227158368617533,-3.0433362806313284,60,58
ensemble,37,5.371854650862003,2.332368911152618,-3.0394857397093853,60,58
ensemble,38,5.368580052291672,2.324598234439638,-3.043981817852034,60,58
ensemble,39,5.367774902195637,2.3275769274492912,-3.040197974746346,60,58
ensemble,40,5.3696309271465825,2.3273866936552596,-3.042244233491323,60,58
ensemble,41,5.3690427926475035,2.3282862823625883,-3.0407565102849152,60,58
ensemble,42,5.368637090978545,2.3267918111737242,-3.041845279804821,60,58
ensemble,43,5.370521745896517,2.3303378698148904,-3.0401838760816267,60,58
ensemble,44,5.367757329248653,2.3286799467508144,-3.039077382497839,60,58
ensemble,45,5.376594692489219,2.3384197815775023,-3.0381749109117164,60,58
ensemble,46,5.3624771434941225,2.3170037400824293,-3.0454734034116933,60,58
ensemble,47,5.366674704862469,2.3214771818145983,-3.0451975230478703,60,58
ensemble,48,5.368109166625165,2.3271505292134393,-3.0409586374117255,60,58
ensemble,49,5.368271436256254,2.325933661077027,-3.0423377751792273,60,58
ensemble,50,5.368297262305593,2.3242095911214857,-3.0440876711841076,60,58
ensemble,51,5.370431371043802,2.3269843924472156,-3.0434469785965863,60,58
ensemble,52,5.370374082432499,2.3289870326254674,-3.0413870498070317,60,58
ensemble,53,5.378475113176464,2.3376105865350576,-3.040864526641406,60,58
ensemble,54,5.367885689783832,2.328521310279219,-3.039364379504613,60,58
ensemble,55,5.368639770029696,2.3282004085950088,-3.040439361434687,60,58
ensemble,56,5.373347083453425,2.3371224900798757,-3.0362245933735497,60,58
ensemble,57,5.369073792680157,2.3238677971756307,-3.0452059955045265,60,58
ensemble,58,5.369908217188702,2.3251807826516804,-3.044727434537022,60,58
ensemble,59,5.368511418954113,2.3283182371680318,-3.0401931817860812,60,58
ensemble,60,5.368275113602784,2.3279556321343833,-3.0403194814684005,60,58
ensemble,61,5.3706307003870535,2.332380730753518,-3.0382499696335357,60,58
ensemble,62,5.370243045666182,2.327249271999451,-3.042993773666731,60,58
ensemble,63,5.36777563001287,2.326327036505227,-3.0414485935076434,60,58
ensemble,64,5.366961789018509,2.3222227096690027,-3.0447390793495064,60,58
ensemble,65,5.36914152758558,2.3252998398159046,-3.043841687769675,60,58
ensemble,66,5.3709935098761274,2.3250257245851618,-3.0459677852909657,60,58
ensemble,67,5.370239357975382,2.330948771451612,-3.0392905865237703,60,58
ensemble,68,5.375133472716801,2.3319412967252466,-3.043192175991554,60,58
ensemble,69,5.3699663203077135,2.3296181469180497,-3.040348173389664,60,58
ensemble,70,5.372925955113047,2.3344994250853173,-3.0384265300277296,60,58
ensemble,71,5.3701999650158285,2.326291968958823,-3.0439079960570057,60,58
ensemble,72,5.36929716536802,2.324462421456036,-3.0448347439119843,60,58
ensemble,73,5.375068931796367,2.342061757450947,-3.03300717434542,60,58
ensemble,74,5.374769594246229,2.3402955274567248,-3.034474066789504,60,58
ensemble,75,5.375862533934382,2.333048477642055,-3.0428140562923267,60,58
ensemble,76,5.366912180672831,2.3215694019900788,-3.045342778682752,60,58
ensemble,77,5.371573981666572,2.332371368621151,-3.0392026130454206,60,58
ensemble,78,5.370195270500313,2.3312075499945935,-3.038987720505719,60,58
ensemble,79,5.369162036129541,2.32464181037266,-3.0445202257568815,60,58
ensemble,80,5.3704511596329585,2.3312580578937556,-3.039193101739203,60,58
ensemble,81,5.366049349598532,2.3197798935498075,-3.0462694560487242,60,58
ensemble,82,5.373973460504807,2.3309050160319758,-3.0430684444728313,60,58
ensemble,83,5.368241877059836,2.3305820061858946,-3.037659870873941,60,58
ensemble,84,5.368393829954295,2.329506910463092,-3.038886919491203,60,58
ensemble,85,5.368790074993718,2.323965173887037,-3.0448249011066806,60,58
ensemble,86,5.370550148582282,2.331632841484047,-3.0389173070982354,60,58
ensemble,87,5.369074497282304,2.3300245937640662,-3.0390499035182374,60,58
ensemble,88,5.369481881678373,2.330797293547663,-3.0386845881307103,60,58
ensemble,89,5.36753719548673,2.325644350577497,-3.0418928449092335,60,58
ensemble,90,5.372631192167175,2.3331147363239033,-3.0395164558432715,60,58
ensemble,91,5.372847264472344,2.331555017831326,-3.0412922466410177,60,58
ensemble,92,5.374166936189704,2.334677168567417,-3.039489767622287,60,58
ensemble,93,5.3689284352341735,2.3287365599680303,-3.040191875266143,60,58
ensemble,94,5.370140694114829,2.330757056176965,-3.039383637937864,60,58
ensemble,95,5.369419187353986,2.322638011111943,-3.0467811762420434,60,58
ensemble,96,5.366936725512139,2.321884403186227,-3.0450523223259123,60,58
ensemble,97,5.369547745641505,2.3291740199695865,-3.0403737256719183,60,58
ensemble,98,5.368903714195226,2.328316524597891,-3.040587189597335,60,58
ensemble,99,5.367555612386851,2.3253445147229383,-3.0422110976639125,60,58
ensemble,100,5.372946948941351,2.3328068573462297,-3.0401400915951213,60,58
