group,design_number,framework_alignment_pairs,framework_RMSD,framework_aligned_residues,H1_RMSD,H1_aligned_residues,H2_RMSD,H2_aligned_residues,H3_RMSD,H3_aligned_residues,L1_RMSD,L1_aligned_residues,L2_RMSD,L2_aligned_residues,L3_RMSD,L3_aligned_residues
baseline,1,113,4.2473039627075195,113,1.5318644046783447,8,2.3866024017333984,8,2.9561901092529297,14,3.6026790142059326,3,2.2097854614257812,3,0.6167678833007812,10
baseline,2,113,4.247379302978516,113,1.669740915298462,8,2.4012415409088135,8,2.9742448329925537,14,3.7311253547668457,3,2.2846240997314453,3,0.8997842073440552,10
baseline,3,113,4.21705961227417,113,1.4755349159240723,8,2.0131328105926514,8,2.9697370529174805,14,3.5530307292938232,3,2.40838360786438,3,0.9932117462158203,10
baseline,4,113,4.2252092361450195,113,1.6358827352523804,8,2.159984827041626,8,3.0059115886688232,14,3.5602006912231445,3,2.302224636077881,3,1.00242280960083,10
baseline,5,113,4.254895210266113,113,1.740153431892395,8,2.308683156967163,8,3.061532974243164,14,3.7113234996795654,3,2.25192928314209,3,0.6635657548904419,10
baseline,6,113,4.231650352478027,113,1.6387925148010254,8,2.3001644611358643,8,3.0018153190612793,14,3.647531270980835,3,2.2654263973236084,3,1.0004701614379883,10
baseline,7,113,4.239346027374268,113,1.6901576519012451,8,2.227271556854248,8,2.904355049133301,14,3.858258008956909,3,2.522831439971924,3,0.9220022559165955,10
baseline,8,113,4.251008033752441,113,1.6861594915390015,8,2.374161720275879,8,2.988428831100464,14,3.607074499130249,3,2.2319891452789307,3,0.6092963218688965,10
baseline,9,113,4.218899726867676,113,1.4845906496047974,8,2.013054370880127,8,2.962869882583618,14,3.578214645385742,3,2.4313087463378906,3,0.9889723062515259,10
baseline,10,113,4.223622798919678,113,1.5795032978057861,8,2.010282039642334,8,3.0214807987213135,14,3.5223958492279053,3,2.323472738265991,3,1.059482216835022,10
baseline,11,113,4.217756748199463,113,1.4807595014572144,8,2.0228986740112305,8,2.9828715324401855,14,3.6169703006744385,3,2.3818626403808594,3,0.9603239297866821,10
baseline,12,113,4.241244316101074,113,1.8858616352081299,8,2.330636978149414,8,2.969766139984131,14,3.9274673461914062,3,2.4811453819274902,3,1.6623587608337402,10
baseline,13,113,4.250328540802002,113,1.638314962387085,8,2.2172961235046387,8,2.960344076156616,14,3.741132974624634,3,2.3811464309692383,3,0.7031341791152954,10
baseline,14,113,4.254305839538574,113,1.7764217853546143,8,2.367677688598633,8,3.045386552810669,14,3.838317394256592,3,2.2069449424743652,3,0.7172123193740845,10
baseline,15,113,4.235901355743408,113,1.7171403169631958,8,2.136366605758667,8,2.9481685161590576,14,3.7590198516845703,3,2.3407483100891113,3,1.340691328048706,10
baseline,16,113,4.2261528968811035,113,1.5523548126220703,8,2.1856987476348877,8,2.9513003826141357,14,3.5101993083953857,3,2.5568222999572754,3,1.3436156511306763,10
baseline,17,113,4.224834442138672,113,1.5473566055297852,8,2.1025161743164062,8,3.002728223800659,14,3.7477915287017822,3,2.425279140472412,3,1.2203809022903442,10
baseline,18,113,4.244719505310059,113,1.5580382347106934,8,2.1017465591430664,8,2.9677391052246094,14,3.5607149600982666,3,2.2262473106384277,3,0.8704564571380615,10
baseline,19,113,4.235570430755615,113,1.708919882774353,8,2.202894687652588,8,2.937711477279663,14,3.7877795696258545,3,2.454028606414795,3,1.1773409843444824,10
baseline,20,113,4.220355033874512,113,1.3337677717208862,8,2.0107715129852295,8,2.972412109375,14,3.492506980895996,3,2.272117853164673,3,0.8665117025375366,10
baseline,21,113,4.2386651039123535,113,1.5105715990066528,8,2.1682193279266357,8,3.015624761581421,14,3.649041175842285,3,2.2310287952423096,3,0.7205105423927307,10
baseline,22,113,4.230485439300537,113,1.769182562828064,8,2.272582769393921,8,2.9446825981140137,14,3.778427839279175,3,2.4879696369171143,3,1.2847455739974976,10
baseline,23,113,4.2533183097839355,113,1.829397439956665,8,2.325352191925049,8,3.026512861251831,14,3.7983124256134033,3,2.3622546195983887,3,0.9123117923736572,10
baseline,24,113,4.223221778869629,113,1.5345771312713623,8,2.008833408355713,8,2.9823179244995117,14,3.525836706161499,3,2.303063154220581,3,0.9935107231140137,10
baseline,25,113,4.2278876304626465,113,1.5636290311813354,8,2.0855283737182617,8,2.983126163482666,14,3.578890323638916,3,2.244676113128662,3,1.0132373571395874,10
baseline,26,113,4.253489017486572,113,1.7817078828811646,8,2.0985333919525146,8,2.978403329849243,14,3.6979329586029053,3,2.310816764831543,3,0.7448850870132446,10
baseline,27,113,4.227748394012451,113,1.6076117753982544,8,2.2072227001190186,8,2.9662249088287354,14,3.590805768966675,3,2.2629897594451904,3,1.0476423501968384,10
baseline,28,113,4.232682704925537,113,1.6671340465545654,8,2.326550006866455,8,2.9314329624176025,14,3.782512903213501,3,2.4704480171203613,3,0.8897218108177185,10
baseline,29,113,4.230790138244629,113,1.635121464729309,8,2.1290576457977295,8,2.9366674423217773,14,3.5989065170288086,3,2.2561569213867188,3,1.085205316543579,10
baseline,30,113,4.226773262023926,113,1.4127777814865112,8,2.11594557762146,8,2.9739131927490234,14,3.417327404022217,3,2.387038469314575,3,1.012487769126892,10
baseline,31,113,4.22859525680542,113,1.6185388565063477,8,2.12457013130188,8,3.020435094833374,14,3.6504621505737305,3,2.2427620887756348,3,1.1542751789093018,10
baseline,32,113,4.254980564117432,113,1.763078212738037,8,2.3213632106781006,8,3.0823323726654053,14,3.661177158355713,3,2.299038887023926,3,0.9158719778060913,10
baseline,33,113,4.2527265548706055,113,1.6898481845855713,8,2.51432728767395,8,2.9948294162750244,14,3.560703754425049,3,2.429701328277588,3,0.6978508234024048,10
baseline,34,113,4.229995250701904,113,1.511147379875183,8,2.129585027694702,8,2.9399008750915527,14,3.638652801513672,3,2.333181858062744,3,0.8582413792610168,10
baseline,35,113,4.232836723327637,113,1.6795508861541748,8,2.1178462505340576,8,2.9427900314331055,14,3.723902702331543,3,2.3129959106445312,3,1.0937730073928833,10
baseline,36,113,4.255334377288818,113,1.6362768411636353,8,2.283262014389038,8,3.0107614994049072,14,3.6813929080963135,3,2.2362687587738037,3,0.7399613261222839,10
baseline,37,113,4.252577781677246,113,1.6402920484542847,8,2.4992032051086426,8,2.959646224975586,14,3.763340473175049,3,2.397249221801758,3,0.7134690284729004,10
baseline,38,113,4.2535223960876465,113,1.6913312673568726,8,2.47713041305542,8,2.970167875289917,14,3.7179532051086426,3,2.4502041339874268,3,0.8971028327941895,10
baseline,39,113,4.251838684082031,113,1.8027520179748535,8,2.352579116821289,8,3.017789602279663,14,3.630584716796875,3,2.3251917362213135,3,0.7190460562705994,10
baseline,40,113,4.230052947998047,113,1.6472007036209106,8,2.1015045642852783,8,3.0167653560638428,14,3.520991802215576,3,2.4384145736694336,3,1.3362001180648804,10
baseline,41,113,4.256318092346191,113,1.8846371173858643,8,2.4424171447753906,8,3.064207077026367,14,3.858842611312866,3,2.3001036643981934,3,0.8335100412368774,10
baseline,42,113,4.243234634399414,113,1.4602277278900146,8,2.1937215328216553,8,3.021723747253418,14,3.6112990379333496,3,2.211700201034546,3,0.7150045037269592,10
baseline,43,113,4.24041748046875,113,1.4590835571289062,8,2.433212995529175,8,3.021059274673462,14,3.509737491607666,3,2.2517035007476807,3,0.7548678517341614,10
baseline,44,113,4.251036643981934,113,1.616482138633728,8,2.179866313934326,8,2.9493536949157715,14,3.7438461780548096,3,2.3600919246673584,3,0.696789562702179,10
baseline,45,113,4.24495792388916,113,1.6564353704452515,8,2.2183146476745605,8,3.0207791328430176,14,3.593724489212036,3,2.2190704345703125,3,0.8715699315071106,10
baseline,46,113,4.2284626960754395,113,1.6879711151123047,8,2.134629726409912,8,3.0008089542388916,14,3.708948850631714,3,2.3872408866882324,3,1.2278772592544556,10
baseline,47,113,4.221678733825684,113,1.4091943502426147,8,1.992760419845581,8,2.9782190322875977,14,3.554705858230591,3,2.2291066646575928,3,0.8533576726913452,10
baseline,48,113,4.254152297973633,113,1.785624623298645,8,2.237013101577759,8,2.932436466217041,14,3.8427846431732178,3,2.429988145828247,3,0.8213076591491699,10
baseline,49,113,4.220765113830566,113,1.486387014389038,8,2.082874059677124,8,2.9637656211853027,14,3.631850481033325,3,2.35386323928833,3,0.9909207224845886,10
baseline,50,113,4.260547637939453,113,1.896675944328308,8,2.4550764560699463,8,3.332937479019165,14,3.6732659339904785,3,2.4575090408325195,3,0.8762316107749939,10
baseline,51,113,4.220650672912598,113,1.4695032835006714,8,2.129014492034912,8,2.9970531463623047,14,3.657809257507324,3,2.36533522605896,3,1.011420488357544,10
baseline,52,113,4.2366509437561035,113,1.6990631818771362,8,2.1492950916290283,8,2.963592052459717,14,3.791043281555176,3,2.3566503524780273,3,1.390206217765808,10
baseline,53,113,4.260153293609619,113,1.8809553384780884,8,2.3885507583618164,8,2.9834790229797363,14,3.697685956954956,3,2.46393084526062,3,0.8837857842445374,10
baseline,54,113,4.233025074005127,113,1.6077135801315308,8,2.153189182281494,8,2.9920847415924072,14,3.692700147628784,3,2.3477466106414795,3,1.0671312808990479,10
baseline,55,113,4.223109722137451,113,1.4826301336288452,8,2.126047372817993,8,2.9596898555755615,14,3.6231775283813477,3,2.311013698577881,3,0.9753297567367554,10
baseline,56,113,4.220264434814453,113,1.5685878992080688,8,2.1045703887939453,8,3.020209789276123,14,3.737621545791626,3,2.377614736557007,3,1.0249741077423096,10
baseline,57,113,4.22836971282959,113,1.5884850025177002,8,2.3513309955596924,8,2.945465564727783,14,3.7140934467315674,3,2.461857795715332,3,1.1120065450668335,10
baseline,58,113,4.254054069519043,113,1.7216695547103882,8,2.1798183917999268,8,2.9541733264923096,14,3.8192074298858643,3,2.424170970916748,3,0.7105914354324341,10
baseline,59,113,4.233544826507568,113,1.5954118967056274,8,2.079052209854126,8,3.0225369930267334,14,3.6068358421325684,3,2.2752902507781982,3,1.1967962980270386,10
baseline,60,113,4.266038417816162,113,1.9549200534820557,8,2.327009677886963,8,2.979804277420044,14,3.8127071857452393,3,2.4219136238098145,3,0.7731449604034424,10
baseline,61,113,4.223884582519531,113,1.6203851699829102,8,2.1366941928863525,8,3.014071464538574,14,3.6866791248321533,3,2.3446545600891113,3,1.1668438911437988,10
baseline,62,113,4.240573406219482,113,1.5748413801193237,8,2.2041635513305664,8,2.969959259033203,14,3.5606346130371094,3,2.385131597518921,3,0.7120242118835449,10
baseline,63,113,4.26125955581665,113,1.9006456136703491,8,2.4480979442596436,8,2.9743120670318604,14,3.8504817485809326,3,2.427088499069214,3,0.837772011756897,10
baseline,64,113,4.239989757537842,113,1.5475116968154907,8,2.3840458393096924,8,2.929996967315674,14,3.5541915893554688,3,2.3485658168792725,3,0.7234490513801575,10
baseline,65,113,4.24017858505249,113,1.8039640188217163,8,2.343987464904785,8,2.9916768074035645,14,3.8077590465545654,3,2.4166805744171143,3,1.4143633842468262,10
baseline,66,113,4.2477312088012695,113,1.5354613065719604,8,2.1165735721588135,8,2.992166042327881,14,3.6791489124298096,3,2.280726194381714,3,0.7406156063079834,10
baseline,67,113,4.252980709075928,113,1.6251986026763916,8,2.255668878555298,8,3.0176687240600586,14,3.562283515930176,3,2.2486512660980225,3,0.6917518377304077,10
baseline,68,113,4.220810413360596,113,1.4334771633148193,8,1.8351941108703613,8,2.980010986328125,14,3.467257499694824,3,2.3391292095184326,3,0.9334354400634766,10
baseline,69,113,4.251002788543701,113,1.7377139329910278,8,2.3519577980041504,8,2.969515800476074,14,3.673584461212158,3,2.2218081951141357,3,0.7128182649612427,10
baseline,70,113,4.244868278503418,113,1.482598900794983,8,2.4696757793426514,8,2.958810329437256,14,3.596836805343628,3,2.2413017749786377,3,0.8348276615142822,10
baseline,71,113,4.239238739013672,113,1.5893558263778687,8,2.1896631717681885,8,3.0197677612304688,14,3.7302393913269043,3,2.283280611038208,3,0.7372764945030212,10
baseline,72,113,4.266429901123047,113,1.86348557472229,8,2.3267393112182617,8,3.0421948432922363,14,3.892617702484131,3,2.4544622898101807,3,0.8711646795272827,10
baseline,73,113,4.241011142730713,113,1.450236439704895,8,2.149179220199585,8,2.9800426959991455,14,3.5844719409942627,3,2.175612688064575,3,0.7783694863319397,10
baseline,74,113,4.2524333000183105,113,1.6818711757659912,8,2.2721805572509766,8,3.05753755569458,14,3.5355989933013916,3,2.306889772415161,3,0.699064314365387,10
baseline,75,113,4.260550022125244,113,1.7936148643493652,8,2.2978458404541016,8,3.0504226684570312,14,3.7422683238983154,3,2.4543263912200928,3,1.0436640977859497,10
baseline,76,113,4.231898307800293,113,1.7022992372512817,8,2.0808768272399902,8,2.9718546867370605,14,3.688929796218872,3,2.2741289138793945,3,1.1586681604385376,10
baseline,77,113,4.224169731140137,113,1.5488736629486084,8,1.9190419912338257,8,2.945120096206665,14,3.68481183052063,3,2.3913724422454834,3,1.148528814315796,10
baseline,78,113,4.22109317779541,113,1.43264901638031,8,2.047665596008301,8,2.9585084915161133,14,3.7016634941101074,3,2.350924015045166,3,0.847847580909729,10
baseline,79,113,4.254094123840332,113,1.6920573711395264,8,2.3172144889831543,8,3.04939341545105,14,3.6998977661132812,3,2.2413558959960938,3,0.695393443107605,10
baseline,80,113,4.23763370513916,113,1.633212685585022,8,1.9844553470611572,8,2.9610981941223145,14,3.7041966915130615,3,2.3105947971343994,3,1.0239616632461548,10
baseline,81,113,4.257277011871338,113,1.7148746252059937,8,2.3699488639831543,8,3.0495927333831787,14,3.691007375717163,3,2.2640938758850098,3,0.6663355231285095,10
baseline,82,113,4.2273850440979,113,1.5836259126663208,8,2.0471558570861816,8,2.981553792953491,14,3.581369161605835,3,2.313122272491455,3,1.0857584476470947,10
baseline,83,113,4.217676162719727,113,1.4441421031951904,8,1.9174549579620361,8,2.954580307006836,14,3.5209295749664307,3,2.4513280391693115,3,1.0419479608535767,10
baseline,84,113,4.244287967681885,113,1.604534387588501,8,2.397003412246704,8,2.9270358085632324,14,3.569732666015625,3,2.3695642948150635,3,0.7085803151130676,10
baseline,85,113,4.255819797515869,113,1.7565224170684814,8,2.3301875591278076,8,3.0542545318603516,14,3.7971649169921875,3,2.3435893058776855,3,0.805636465549469,10
baseline,86,113,4.231561183929443,113,1.466894507408142,8,2.156052589416504,8,2.99440336227417,14,3.551536798477173,3,2.1906943321228027,3,0.9479565024375916,10
baseline,87,113,4.2579145431518555,113,1.8544301986694336,8,2.3293228149414062,8,3.006354808807373,14,3.745441436767578,3,2.387540340423584,3,0.993998110294342,10
baseline,88,113,4.249394416809082,113,1.5481013059616089,8,2.3616161346435547,8,2.9479639530181885,14,3.7122063636779785,3,2.3259034156799316,3,0.7807726263999939,10
baseline,89,113,4.2246856689453125,113,1.4632718563079834,8,2.0711328983306885,8,2.9520318508148193,14,3.4238522052764893,3,2.5081043243408203,3,1.0475102663040161,10
baseline,90,113,4.240663051605225,113,1.4757367372512817,8,2.134145975112915,8,3.014382839202881,14,3.5106186866760254,3,2.3633809089660645,3,0.7517619729042053,10
baseline,91,113,4.234569549560547,113,1.7070426940917969,8,2.2603588104248047,8,3.0420427322387695,14,3.7253530025482178,3,2.4778902530670166,3,0.9791333079338074,10
baseline,92,113,4.251347064971924,113,1.7456146478652954,8,2.409435510635376,8,3.0173561573028564,14,3.420466661453247,3,2.3491594791412354,3,0.7326509356498718,10
baseline,93,113,4.217648029327393,113,1.4525573253631592,8,2.0162594318389893,8,2.9883873462677,14,3.553593873977661,3,2.4085116386413574,3,0.9990923404693604,10
baseline,94,113,4.257569313049316,113,1.731811285018921,8,2.3148865699768066,8,3.304950714111328,14,3.733767032623291,3,2.242493152618408,3,0.6765434741973877,10
baseline,95,113,4.228894233703613,113,1.624375820159912,8,2.2245709896087646,8,2.960934638977051,14,3.7058446407318115,3,2.250656843185425,3,1.4113001823425293,10
baseline,96,113,4.241724491119385,113,1.5517058372497559,8,2.171689510345459,8,2.9882664680480957,14,3.668275833129883,3,2.2914042472839355,3,0.8628576993942261,10
baseline,97,113,4.2508320808410645,113,1.7954487800598145,8,2.375044345855713,8,3.0103094577789307,14,3.468238592147827,3,2.444173812866211,3,0.6956510543823242,10
baseline,98,113,4.255606174468994,113,1.7598129510879517,8,2.3589866161346436,8,2.9990715980529785,14,3.683016777038574,3,2.2608802318573,3,0.7012535929679871,10
baseline,99,113,4.220187187194824,113,1.5344473123550415,8,2.007246255874634,8,2.962745189666748,14,3.677020788192749,3,2.4546802043914795,3,1.0179351568222046,10
baseline,100,113,4.233872890472412,113,1.8095864057540894,8,2.298609495162964,8,3.0466396808624268,14,3.7651634216308594,3,2.519207715988159,3,0.9581774473190308,10
ensemble,1,113,4.233117580413818,113,1.4793466329574585,8,2.7597227096557617,8,2.570863723754883,14,3.5327341556549072,3,2.608394145965576,3,1.0155888795852661,10
ensemble,2,113,4.234144687652588,113,1.0992974042892456,8,2.6381425857543945,8,3.64113712310791,14,3.4499213695526123,3,2.520817995071411,3,0.9766988754272461,10
ensemble,3,113,4.2324652671813965,113,1.24354887008667,8,1.582760214805603,8,3.6204183101654053,14,3.474001169204712,3,2.584656000137329,3,0.9581981301307678,10
ensemble,4,113,4.229964256286621,113,1.4160922765731812,8,2.685882568359375,8,3.570380926132202,14,3.380493640899658,3,2.5594942569732666,3,1.453525424003601,10
ensemble,5,113,4.2314653396606445,113,1.2794312238693237,8,1.6379609107971191,8,1.6832244396209717,14,3.5144214630126953,3,2.6023197174072266,3,0.8750866651535034,10
ensemble,6,113,4.207408905029297,113,1.1102454662322998,8,1.2115238904953003,8,1.979907751083374,14,3.109164237976074,3,2.635246515274048,3,1.7774348258972168,10
ensemble,7,113,4.211978912353516,113,1.1731979846954346,8,1.1668859720230103,8,2.064831018447876,14,3.1655397415161133,3,2.6113169193267822,3,2.035916566848755,10
ensemble,8,113,4.227684020996094,113,1.489160418510437,8,2.8853774070739746,8,3.1196932792663574,14,3.3906588554382324,3,2.5246100425720215,3,0.9762436151504517,10
ensemble,9,113,4.217300891876221,113,1.16853666305542,8,1.3002432584762573,8,3.1823723316192627,14,3.253028631210327,3,2.629486560821533,3,1.6565423011779785,10
ensemble,10,113,4.224801063537598,113,1.4891737699508667,8,2.7192740440368652,8,2.9246020317077637,14,3.4488437175750732,3,2.598120927810669,3,1.090895175933838,10
ensemble,11,113,4.223056793212891,113,1.2913386821746826,8,2.5483357906341553,8,3.3131771087646484,14,3.4275667667388916,3,2.5943470001220703,3,1.3930463790893555,10
ensemble,12,113,4.230984687805176,113,1.3562651872634888,8,1.1911011934280396,8,3.575216054916382,14,3.4804129600524902,3,2.618596076965332,3,1.0548015832901,10
ensemble,13,113,4.220798015594482,113,1.2719879150390625,8,2.6653289794921875,8,2.8348681926727295,14,3.1964049339294434,3,2.555607557296753,3,1.6841614246368408,10
ensemble,14,113,4.224419116973877,113,1.2583413124084473,8,2.4766347408294678,8,3.171483039855957,14,3.2203664779663086,3,2.6085171699523926,3,1.741340160369873,10
ensemble,15,113,4.214526176452637,113,1.330137848854065,8,2.554168462753296,8,2.0573558807373047,14,3.3522355556488037,3,2.5446786880493164,3,1.3251549005508423,10
ensemble,16,113,4.225287914276123,113,1.289919376373291,8,2.5895168781280518,8,2.9494316577911377,14,3.5124011039733887,3,2.6250057220458984,3,0.9847671985626221,10
ensemble,17,113,4.224249362945557,113,1.2907177209854126,8,2.6838929653167725,8,3.6818511486053467,14,3.365407705307007,3,2.593761444091797,3,1.1840665340423584,10
ensemble,18,113,4.229683876037598,113,1.4302880764007568,8,2.86057448387146,8,3.7684197425842285,14,3.3164918422698975,3,2.6471214294433594,3,1.6831837892532349,10
ensemble,19,113,4.220858573913574,113,1.3643909692764282,8,1.7433964014053345,8,3.673227310180664,14,3.4001240730285645,3,2.6358678340911865,3,1.3767138719558716,10
ensemble,20,113,4.208683490753174,113,1.2760167121887207,8,2.501537322998047,8,2.9013147354125977,14,3.297199010848999,3,2.5684001445770264,3,1.442488431930542,10
ensemble,21,113,4.220131874084473,113,1.1992695331573486,8,2.6140551567077637,8,3.7193119525909424,14,3.210084915161133,3,2.601628541946411,3,1.8586289882659912,10
ensemble,22,113,4.231329917907715,113,1.1492432355880737,8,2.5763306617736816,8,3.2974908351898193,14,3.383366107940674,3,2.5527257919311523,3,1.057134747505188,10
ensemble,23,113,4.2294769287109375,113,1.3218327760696411,8,1.6575199365615845,8,3.6524734497070312,14,3.4540233612060547,3,2.5783636569976807,3,0.870854377746582,10
ensemble,24,113,4.230205535888672,113,1.3952656984329224,8,2.704073667526245,8,3.5623481273651123,14,3.297652244567871,3,2.698788642883301,3,1.8970690965652466,10
ensemble,25,113,4.2252302169799805,113,1.340397834777832,8,2.6832141876220703,8,3.2225382328033447,14,3.3223891258239746,3,2.5773489475250244,3,1.4255461692810059,10
ensemble,26,113,4.229127407073975,113,1.456982135772705,8,2.662651300430298,8,3.4361913204193115,14,3.5217199325561523,3,2.6195616722106934,3,1.2322481870651245,10
ensemble,27,113,4.213355541229248,113,1.2963241338729858,8,2.568735122680664,8,2.894684076309204,14,3.1399598121643066,3,2.574924945831299,3,1.8670449256896973,10
ensemble,28,113,4.225358009338379,113,1.237965703010559,8,2.7187628746032715,8,3.6818649768829346,14,3.3139595985412598,3,2.5849056243896484,3,1.4150536060333252,10
ensemble,29,113,4.230118751525879,113,1.3893400430679321,8,1.1254078149795532,8,3.2983179092407227,14,3.445916175842285,3,2.6204211711883545,3,1.1199171543121338,10
ensemble,30,113,4.227734088897705,113,1.163557767868042,8,2.6432268619537354,8,3.6157705783843994,14,3.451841115951538,3,2.6548914909362793,3,1.0930335521697998,10
ensemble,31,113,4.222050189971924,113,1.2093055248260498,8,1.5340179204940796,8,3.709911346435547,14,3.3508005142211914,3,2.630075454711914,3,1.2794618606567383,10
ensemble,32,113,4.208714485168457,113,1.1347200870513916,8,1.6363688707351685,8,3.7167158126831055,14,3.187621593475342,3,2.6139028072357178,3,1.6261460781097412,10
ensemble,33,113,4.239328861236572,113,1.2966731786727905,8,2.8157005310058594,8,3.1289334297180176,14,3.4416871070861816,3,2.5809226036071777,3,0.9907153248786926,10
ensemble,34,113,4.210512161254883,113,0.9474457502365112,8,0.9838711619377136,8,3.2976181507110596,14,3.0468461513519287,3,2.5587921142578125,3,2.0238938331604004,10
ensemble,35,113,4.220624923706055,113,1.3439773321151733,8,0.9978398680686951,8,3.0007476806640625,14,3.4022040367126465,3,2.56528377532959,3,1.0673277378082275,10
ensemble,36,113,4.212937831878662,113,1.3024239540100098,8,2.5246849060058594,8,3.3448071479797363,14,3.3394947052001953,3,2.5378684997558594,3,1.4992128610610962,10
ensemble,37,113,4.223215579986572,113,1.3046907186508179,8,1.7378740310668945,8,3.6898584365844727,14,3.347890853881836,3,2.68623685836792,3,1.5334513187408447,10
ensemble,38,113,4.21442174911499,113,1.1932190656661987,8,2.527172327041626,8,3.0789077281951904,14,3.383208751678467,3,2.496342420578003,3,0.962752640247345,10
ensemble,39,113,4.219387531280518,113,1.2456562519073486,8,2.691574811935425,8,3.735450267791748,14,3.239025831222534,3,2.6238059997558594,3,1.500015377998352,10
ensemble,40,113,4.215198993682861,113,1.1834967136383057,8,1.337380051612854,8,3.0943639278411865,14,3.3546369075775146,3,2.5314793586730957,3,1.3934942483901978,10
ensemble,41,113,4.229633331298828,113,1.4794137477874756,8,2.5991833209991455,8,3.181809425354004,14,3.42334246635437,3,2.556361198425293,3,0.9736058115959167,10
ensemble,42,113,4.228529930114746,113,1.4239087104797363,8,2.73745059967041,8,3.4354567527770996,14,3.2961888313293457,3,2.662158966064453,3,1.816525936126709,10
ensemble,43,113,4.22340202331543,113,1.267931580543518,8,2.6516900062561035,8,2.8730852603912354,14,3.086836814880371,3,2.516920804977417,3,1.9721460342407227,10
ensemble,44,113,4.22066593170166,113,1.452822208404541,8,2.668922185897827,8,2.995073080062866,14,3.2759296894073486,3,2.518756866455078,3,1.7792361974716187,10
ensemble,45,113,4.2126593589782715,113,1.1735186576843262,8,2.654914617538452,8,3.3985328674316406,14,3.1138534545898438,3,2.569389581680298,3,2.039342164993286,10
ensemble,46,113,4.211504936218262,113,1.352569341659546,8,1.5176116228103638,8,3.8039143085479736,14,3.394037961959839,3,2.6532928943634033,3,1.700649380683899,10
ensemble,47,113,4.212501525878906,113,1.3046436309814453,8,2.5125818252563477,8,3.0483012199401855,14,3.340054988861084,3,2.563336133956909,3,1.4905986785888672,10
ensemble,48,113,4.225548267364502,113,1.2213094234466553,8,2.708239793777466,8,3.844118356704712,14,3.211099624633789,3,2.606118679046631,3,1.7964292764663696,10
ensemble,49,113,4.2316460609436035,113,1.2650768756866455,8,2.923166036605835,8,3.172483444213867,14,3.443997383117676,3,2.586683750152588,3,1.0311012268066406,10
ensemble,50,113,4.234503746032715,113,1.3061057329177856,8,2.5848352909088135,8,3.677715301513672,14,3.342747688293457,3,2.5504868030548096,3,1.0288622379302979,10
ensemble,51,113,4.221930503845215,113,1.3806418180465698,8,2.5764999389648438,8,3.670576810836792,14,3.418506145477295,3,2.6280910968780518,3,1.396685242652893,10
ensemble,52,113,4.230828285217285,113,1.4543983936309814,8,2.6442391872406006,8,3.328707456588745,14,3.4669599533081055,3,2.594104528427124,3,1.0016664266586304,10
ensemble,53,113,4.223404407501221,113,1.3200565576553345,8,0.9342153072357178,8,2.156106948852539,14,3.347550630569458,3,2.542327404022217,3,1.2517403364181519,10
ensemble,54,113,4.228504180908203,113,1.5000813007354736,8,2.7322733402252197,8,3.081557512283325,14,3.4445457458496094,3,2.5456109046936035,3,1.1049977540969849,10
ensemble,55,113,4.235743522644043,113,1.2668178081512451,8,2.800973415374756,8,3.735048770904541,14,3.317620277404785,3,2.5974600315093994,3,0.9366193413734436,10
ensemble,56,113,4.22091817855835,113,1.338134527206421,8,2.7509820461273193,8,3.191892147064209,14,3.4102091789245605,3,2.566391706466675,3,0.9737560749053955,10
ensemble,57,113,4.205378532409668,113,1.3252758979797363,8,1.1667275428771973,8,1.7481590509414673,14,3.3050193786621094,3,2.589017868041992,3,1.3704873323440552,10
ensemble,58,113,4.229934215545654,113,1.1630693674087524,8,2.5837199687957764,8,3.5767343044281006,14,3.4198148250579834,3,2.6040313243865967,3,0.9317906498908997,10
ensemble,59,113,4.230545520782471,113,1.4005060195922852,8,2.640988349914551,8,3.7180774211883545,14,3.409379720687866,3,2.4980721473693848,3,1.187466025352478,10
ensemble,60,113,4.235732555389404,113,1.384466290473938,8,2.76513934135437,8,1.9964076280593872,14,3.3765835762023926,3,2.5046918392181396,3,1.0369664430618286,10
ensemble,61,113,4.219363689422607,113,1.3800408840179443,8,2.7253217697143555,8,2.7701876163482666,14,3.3876800537109375,3,2.587982177734375,3,1.318788766860962,10
ensemble,62,113,4.217828273773193,113,1.2667834758758545,8,2.5294089317321777,8,3.6028308868408203,14,3.3247485160827637,3,2.5975685119628906,3,1.2839299440383911,10
ensemble,63,113,4.230096817016602,113,1.423655390739441,8,2.711000919342041,8,3.563826084136963,14,3.4487900733947754,3,2.60056209564209,3,0.9983395338058472,10
ensemble,64,113,4.2113800048828125,113,1.2810523509979248,8,2.499816656112671,8,2.877312183380127,14,3.3098669052124023,3,2.5642809867858887,3,1.4254887104034424,10
ensemble,65,113,4.231535911560059,113,1.2862787246704102,8,2.5868515968322754,8,3.6850812435150146,14,3.462313175201416,3,2.6168887615203857,3,0.8008451461791992,10
ensemble,66,113,4.230313777923584,113,1.3299391269683838,8,2.5451414585113525,8,3.2453432083129883,14,3.3860342502593994,3,2.6250762939453125,3,1.5210316181182861,10
ensemble,67,113,4.239721775054932,113,1.3876514434814453,8,2.7734875679016113,8,3.5642752647399902,14,3.4410486221313477,3,2.5825724601745605,3,1.0545988082885742,10
ensemble,68,113,4.223052978515625,113,1.415743112564087,8,0.9828681349754333,8,3.3396928310394287,14,3.4281394481658936,3,2.619771718978882,3,1.367431879043579,10
ensemble,69,113,4.240156650543213,113,1.4771476984024048,8,2.713885545730591,8,3.440372943878174,14,3.4841465950012207,3,2.5766987800598145,3,0.9478457570075989,10
ensemble,70,113,4.217189788818359,113,1.340322494506836,8,2.627224922180176,8,2.0260727405548096,14,3.1182758808135986,3,2.5987884998321533,3,1.8143950700759888,10
ensemble,71,113,4.2245025634765625,113,1.1641697883605957,8,2.590258836746216,8,3.389827251434326,14,3.4258341789245605,3,2.6074626445770264,3,1.0872244834899902,10
ensemble,72,113,4.22325325012207,113,1.30479097366333,8,2.5804085731506348,8,3.6666948795318604,14,3.4412779808044434,3,2.6002793312072754,3,1.356244683265686,10
ensemble,73,113,4.219208717346191,113,1.4683964252471924,8,2.9482548236846924,8,3.184612512588501,14,3.345775604248047,3,2.5589659214019775,3,1.5180591344833374,10
ensemble,74,113,4.224629878997803,113,1.4045708179473877,8,2.868441581726074,8,2.431259870529175,14,3.1202430725097656,3,2.580716371536255,3,1.76707923412323,10
ensemble,75,113,4.233026027679443,113,1.4327327013015747,8,1.1611818075180054,8,3.1513679027557373,14,3.4583499431610107,3,2.5829808712005615,3,0.9975599050521851,10
ensemble,76,113,4.215696811676025,113,1.3169059753417969,8,2.5235304832458496,8,3.0096487998962402,14,3.3622658252716064,3,2.5558793544769287,3,1.3855541944503784,10
ensemble,77,113,4.227601528167725,113,1.3070207834243774,8,2.683647632598877,8,3.031334400177002,14,3.338810682296753,3,2.524421453475952,3,1.0312230587005615,10
ensemble,78,113,4.228958606719971,113,1.4511830806732178,8,2.722872018814087,8,3.6359479427337646,14,3.4414820671081543,3,2.643930673599243,3,1.235731840133667,10
ensemble,79,113,4.223028659820557,113,1.270172357559204,8,2.5501251220703125,8,3.505650281906128,14,3.359534502029419,3,2.630413293838501,3,1.4525357484817505,10
ensemble,80,113,4.225095272064209,113,1.326412320137024,8,2.6999669075012207,8,3.683255434036255,14,3.1387341022491455,3,2.596925735473633,3,2.00955867767334,10
ensemble,81,113,4.206957817077637,113,1.2856686115264893,8,2.4499411582946777,8,3.045898675918579,14,3.302096366882324,3,2.566404104232788,3,1.7438241243362427,10
ensemble,82,113,4.219303607940674,113,1.4951696395874023,8,1.163124680519104,8,4.324986457824707,14,3.4462711811065674,3,2.6405680179595947,3,1.4551728963851929,10
ensemble,83,113,4.212964057922363,113,1.476346731185913,8,2.624199628829956,8,2.9082906246185303,14,3.330183506011963,3,2.541611909866333,3,1.4772937297821045,10
ensemble,84,113,4.21690034866333,113,1.4871841669082642,8,2.636751890182495,8,2.9807193279266357,14,3.2738518714904785,3,2.648134708404541,3,1.4759135246276855,10
ensemble,85,113,4.229397773742676,113,1.2831323146820068,8,2.586698293685913,8,3.564779043197632,14,3.4710607528686523,3,2.615892171859741,3,1.0900706052780151,10
ensemble,86,113,4.240935802459717,113,1.3956925868988037,8,2.7698700428009033,8,3.544106960296631,14,3.4695990085601807,3,2.5967161655426025,3,0.876415491104126,10
ensemble,87,113,4.219666004180908,113,1.4850844144821167,8,2.6438302993774414,8,3.0131094455718994,14,3.2824482917785645,3,2.5724689960479736,3,1.4404045343399048,10
ensemble,88,113,4.24783992767334,113,1.3919283151626587,8,2.2379257678985596,8,3.677159070968628,14,3.516087770462036,3,2.5212316513061523,3,0.8242098689079285,10
ensemble,89,113,4.234718322753906,113,1.2903250455856323,8,2.8146884441375732,8,3.6894166469573975,14,3.48189377784729,3,2.5920400619506836,3,0.8835699558258057,10
ensemble,90,113,4.231794357299805,113,1.3570293188095093,8,2.686938762664795,8,2.8201916217803955,14,3.37199330329895,3,2.5073294639587402,3,1.3361221551895142,10
ensemble,91,113,4.236928939819336,113,1.1330620050430298,8,1.4870970249176025,8,3.201066017150879,14,3.4525108337402344,3,2.5815420150756836,3,0.8876459002494812,10
ensemble,92,113,4.218721866607666,113,1.2445530891418457,8,1.4717047214508057,8,3.553931951522827,14,3.398491859436035,3,2.5630836486816406,3,1.3418692350387573,10
ensemble,93,113,4.235699653625488,113,1.3640471696853638,8,2.712958812713623,8,2.1666810512542725,14,3.340987205505371,3,2.4865498542785645,3,1.0501840114593506,10
ensemble,94,113,4.226204872131348,113,1.3362127542495728,8,2.6942930221557617,8,3.5844931602478027,14,3.3808460235595703,3,2.575803518295288,3,1.3124523162841797,10
ensemble,95,113,4.2182745933532715,113,1.1727570295333862,8,2.5176608562469482,8,3.320162534713745,14,3.2117395401000977,3,2.66402268409729,3,1.7350326776504517,10
ensemble,96,113,4.211493015289307,113,1.2781466245651245,8,2.454721212387085,8,3.0201945304870605,14,3.1831371784210205,3,2.604689836502075,3,1.8742046356201172,10
ensemble,97,113,4.234467029571533,113,1.3978636264801025,8,2.749603033065796,8,3.1338465213775635,14,3.44181489944458,3,2.555988073348999,3,1.1370781660079956,10
ensemble,98,113,4.2403693199157715,113,1.4215582609176636,8,2.788982391357422,8,3.5224244594573975,14,3.470090389251709,3,2.587584972381592,3,1.025228500366211,10
ensemble,99,113,4.221348285675049,113,1.3409780263900757,8,2.713998317718506,8,3.646841049194336,14,3.3788516521453857,3,2.6113433837890625,3,1.41553795337677,10
ensemble,100,113,4.225406169891357,113,1.2861908674240112,8,1.7627650499343872,8,3.399986982345581,14,3.4869468212127686,3,2.55100154876709,3,0.995945394039154,10
