group,design_number,heavy_framework_RMSD,light_framework_RMSD,global_framework_RMSD,heavy_pairs,light_pairs
baseline,1,5.372466886696398,1.8570308854224786,4.247304507840418,60,53
baseline,2,5.366746589042033,1.8660119930166568,4.24737879221491,60,53
baseline,3,5.370072640032447,1.8681996335046385,4.217059535453259,60,53
baseline,4,5.368264998390505,1.8665637306567013,4.225209352940247,60,53
baseline,5,5.370682827961732,1.8623188125604453,4.254895385885356,60,53
baseline,6,5.3692866982008125,1.874217719023855,4.231649642262111,60,53
baseline,7,5.370528702542467,1.8795479516302551,4.2393461487038095,60,53
baseline,8,5.368901149153702,1.8691731964927591,4.251007932368017,60,53
baseline,9,5.369387047780511,1.867668359651578,4.21890047914018,60,53
baseline,10,5.369673469878281,1.8676323132761576,4.223623063498731,60,53
baseline,11,5.370054860823683,1.8616198618110684,4.217756447404768,60,53
baseline,12,5.370809807797078,1.8631879154578215,4.241244866461043,60,53
baseline,13,5.369459452218111,1.869616473133655,4.2503278649485825,60,53
baseline,14,5.366716817710618,1.86523089023655,4.254304840733971,60,53
baseline,15,5.36868226802188,1.8714189412944735,4.235901342049418,60,53
baseline,16,5.370481517957456,1.8638639287599084,4.22615280548945,60,53
baseline,17,5.370598261707353,1.8590899964224772,4.224834096657998,60,53
baseline,18,5.369428664967874,1.872101741436359,4.244720187953105,60,53
baseline,19,5.373049296940159,1.869701564707217,4.235571123296655,60,53
baseline,20,5.370545575443387,1.8649499993962093,4.220355005461726,60,53
baseline,21,5.36679769292287,1.8607848441258852,4.238666248886599,60,53
baseline,22,5.368999421098817,1.87664721446935,4.2304853896966375,60,53
baseline,23,5.369310975820563,1.8693528559741253,4.253318636598526,60,53
baseline,24,5.3692581848442495,1.8689420921442115,4.223222292935224,60,53
baseline,25,5.368581475509203,1.8713956664304965,4.227887079338762,60,53
baseline,26,5.3720962443510825,1.8598507543839966,4.2534902330913384,60,53
baseline,27,5.3698546744799645,1.8704762662171455,4.227747665606559,60,53
baseline,28,5.368851744546932,1.8723465366585732,4.232683211024331,60,53
baseline,29,5.371569950638952,1.8698764674495152,4.23078915745102,60,53
baseline,30,5.3677486294182675,1.86856856281721,4.226774560196464,60,53
baseline,31,5.369314107229155,1.8683810272023398,4.22859526001358,60,53
baseline,32,5.3704821207447395,1.8625808410151337,4.254980451750725,60,53
baseline,33,5.371154997619422,1.8723405138321487,4.252726445778424,60,53
baseline,34,5.367772998392805,1.8713348168692365,4.229993641595351,60,53
baseline,35,5.374290908974698,1.868603529886167,4.2328366804980035,60,53
baseline,36,5.369550610374967,1.8732365869398158,4.255335103915885,60,53
baseline,37,5.369504064369437,1.8667106467731664,4.252578263231912,60,53
baseline,38,5.370491081476408,1.867594104282977,4.253523156580934,60,53
baseline,39,5.368096997847648,1.8702293950463293,4.251838942175633,60,53
baseline,40,5.370388991257339,1.8674038203061183,4.230052490026966,60,53
baseline,41,5.369857368557424,1.8548054326189058,4.2563173634154055,60,53
baseline,42,5.369493695981528,1.8608926830910213,4.243234650897089,60,53
baseline,43,5.368067235577489,1.8692999333495786,4.240418776798709,60,53
baseline,44,5.372379398114248,1.8710684734747047,4.251036434233622,60,53
baseline,45,5.368020037687258,1.8693919098266358,4.24495735882598,60,53
baseline,46,5.369913046376501,1.8695188517915222,4.2284616295207575,60,53
baseline,47,5.368434810703942,1.8697716203556118,4.2216789678111795,60,53
baseline,48,5.369320458901204,1.8676322901240692,4.254151211682504,60,53
baseline,49,5.3697785728023035,1.8709007936100168,4.2207644616460245,60,53
baseline,50,5.369958791884462,1.8732916603957823,4.2605472902263575,60,53
baseline,51,5.3696677795081715,1.856419817683165,4.220650283285723,60,53
baseline,52,5.371492417168307,1.8614830421189799,4.236650757439995,60,53
baseline,53,5.368363285304302,1.8841240387804121,4.260152566307803,60,53
baseline,54,5.370381300635467,1.8792409083602053,4.233026251903598,60,53
baseline,55,5.37137954216305,1.871670443112959,4.223109183770393,60,53
baseline,56,5.3711661637320605,1.8577914663538782,4.220263440106848,60,53
baseline,57,5.36948291290672,1.8772514687486226,4.228368680841059,60,53
baseline,58,5.370764875477389,1.866412145314899,4.254054249397681,60,53
baseline,59,5.371819668427223,1.8628167246222103,4.233545244015674,60,53
baseline,60,5.372736217529055,1.8776904251821542,4.266039366131905,60,53
baseline,61,5.367352898215508,1.866842673220725,4.223884661971647,60,53
baseline,62,5.369360222532219,1.8713119052561002,4.240574354363404,60,53
baseline,63,5.367908131239874,1.8724274220150057,4.2612602168581635,60,53
baseline,64,5.369549214499356,1.855969714077428,4.2399896947412845,60,53
baseline,65,5.368971335401206,1.8710178953829373,4.240178468747819,60,53
baseline,66,5.369037596578784,1.8802825752989976,4.247731031579367,60,53
baseline,67,5.37056427522859,1.8638749377816137,4.25298049777313,60,53
baseline,68,5.371052419844371,1.8686937739869707,4.220810414393513,60,53
baseline,69,5.370398590376216,1.8652774565037626,4.251002810048689,60,53
baseline,70,5.369982079149263,1.87152302803999,4.244868382732587,60,53
baseline,71,5.369241144441565,1.8534757447858514,4.2392391478754785,60,53
baseline,72,5.368974725967208,1.8828610073412697,4.26642949175464,60,53
baseline,73,5.36780758393907,1.8652498482034185,4.241011799688089,60,53
baseline,74,5.369626561335998,1.86950052052773,4.252433461780474,60,53
baseline,75,5.372534747468296,1.8700526774893258,4.260550696449845,60,53
baseline,76,5.368887284653673,1.867947485012284,4.23189898309811,60,53
baseline,77,5.3722866892185674,1.867270798334816,4.2241701344791185,60,53
baseline,78,5.370846060920661,1.867536465646153,4.221093310892777,60,53
baseline,79,5.369124955272485,1.862711559725539,4.254095062269896,60,53
baseline,80,5.372858100819334,1.8756916536020842,4.237633710272101,60,53
baseline,81,5.369383472202002,1.8747616367331381,4.257277286324362,60,53
baseline,82,5.369962019491807,1.8682175818193767,4.227384529868631,60,53
baseline,83,5.3711169471621965,1.8713189986439007,4.217675794452813,60,53
baseline,84,5.369615269125089,1.8619885985592448,4.244287526104064,60,53
baseline,85,5.367112284376709,1.8711932562331575,4.2558207280688505,60,53
baseline,86,5.3693019379787374,1.8754712736623698,4.231561195536581,60,53
baseline,87,5.372661936414877,1.8793557337658293,4.257914773330093,60,53
baseline,88,5.371056117428975,1.864188977184989,4.249393709569439,60,53
baseline,89,5.3715482576506846,1.8704585237790474,4.224686093929679,60,53
baseline,90,5.371088748006357,1.863598295458892,4.240663219300424,60,53
baseline,91,5.368826117071364,1.8690383356158906,4.234569229106741,60,53
baseline,92,5.370379890340148,1.8654044795136506,4.251347068097233,60,53
baseline,93,5.370498902919703,1.8628764809892742,4.217648548828665,60,53
baseline,94,5.371374518765729,1.8709046594942165,4.2575694654629705,60,53
baseline,95,5.368055253746725,1.8669959369833233,4.22889431798002,60,53
baseline,96,5.366200839004132,1.8730377939446912,4.241724081051601,60,53
baseline,97,5.368774363540254,1.876545972002654,4.250831937639198,60,53
baseline,98,5.3691927666627395,1.8764197057489211,4.25560637191053,60,53
baseline,99,5.369244587057068,1.8722035706480087,4.220187481937056,60,53
baseline,100,5.36873568221866,1.8719104875557684,4.233873588305075,60,53
ensemble,1,5.368807116576023,1.8817426041525813,4.233117022358284,60,53
ensemble,2,5.371265612650026,1.8723115005981215,4.234145451012641,60,53
ensemble,3,5.370094112874602,1.8759281898513736,4.232464916896581,60,53
ensemble,4,5.371757770536568,1.877658763668559,4.229964863678097,60,53
ensemble,5,5.366175857755377,1.8775769005711196,4.231464708503563,60,53
ensemble,6,5.372554713144968,1.883795368920863,4.2074096640458585,60,53
ensemble,7,5.370600441424308,1.880896015137159,4.211979488514025,60,53
ensemble,8,5.374363323677669,1.8813923043728848,4.227684823507233,60,53
ensemble,9,5.3697766119058725,1.8828478756825113,4.217300918233792,60,53
ensemble,10,5.368094242422602,1.878151947003611,4.224800902003021,60,53
ensemble,11,5.369557250228959,1.8810486326438234,4.223056842907896,60,53
ensemble,12,5.3723796327025655,1.878935907083235,4.230984561581722,60,53
ensemble,13,5.36893278313423,1.880913582429974,4.220798302027739,60,53
ensemble,14,5.368623945458977,1.8826583690808871,4.224418928270208,60,53
ensemble,15,5.367131106230904,1.874558106382913,4.214526044097141,60,53
ensemble,16,5.368081836020471,1.8770605688627837,4.225288290682378,60,53
ensemble,17,5.368294225227813,1.876445370507427,4.2242490168392175,60,53
ensemble,18,5.367190879230353,1.8812085640167777,4.229683158504126,60,53
ensemble,19,5.368649012311179,1.8758023985440715,4.2208588044460535,60,53
ensemble,20,5.366697778185639,1.8796247936607955,4.208683030292886,60,53
ensemble,21,5.367500050734634,1.8789792360537512,4.220132519841,60,53
ensemble,22,5.369604860301229,1.8756752694150864,4.231330227042944,60,53
ensemble,23,5.36560969482197,1.8766421245443146,4.229477180120259,60,53
ensemble,24,5.369933071530791,1.8868524528753186,4.230205278540157,60,53
ensemble,25,5.369777808204421,1.8825648667589157,4.225230304645816,60,53
ensemble,26,5.369873501259992,1.8824144682645185,4.229127698561181,60,53
ensemble,27,5.3683340142121185,1.8816771701421386,4.213355492144197,60,53
ensemble,28,5.369200344961912,1.8814105202123688,4.225357535793969,60,53
ensemble,29,5.377494729815332,1.8784768634256985,4.230118786186633,60,53
ensemble,30,5.3708299756351705,1.8794061873845227,4.2277338766507535,60,53
ensemble,31,5.3681294096135925,1.8839896161832081,4.222050611872908,60,53
ensemble,32,5.372085594706291,1.8803013054203186,4.2087143585296785,60,53
ensemble,33,5.3686121622369445,1.8767930327071038,4.239328974136305,60,53
ensemble,34,5.373381794685495,1.8781197453815284,4.21051224417033,60,53
ensemble,35,5.374295964301742,1.879261197281665,4.220625538516831,60,53
ensemble,36,5.366052117493082,1.8737459300114632,4.212937866683863,60,53
ensemble,37,5.371854650862003,1.8889726067460604,4.223214641344316,60,53
ensemble,38,5.368580052291672,1.8686469595767459,4.2144218675061405,60,53
ensemble,39,5.367774902195637,1.878524923410213,4.219387319653978,60,53
ensemble,40,5.3696309271465825,1.8736462488669776,4.215199145241887,60,53
ensemble,41,5.3690427926475035,1.8787772028953245,4.229633150653562,60,53
ensemble,42,5.368637090978545,1.884156027102585,4.228529323291085,60,53
ensemble,43,5.370521745896517,1.8770086528439385,4.223402160873156,60,53
ensemble,44,5.367757329248653,1.8764916481401044,4.220665667370066,60,53
ensemble,45,5.376594692489219,1.8770878186294555,4.212658495328521,60,53
ensemble,46,5.3624771434941225,1.8877382610215143,4.211505263143779,60,53
ensemble,47,5.366674704862469,1.8793587885039726,4.212501647970385,60,53
ensemble,48,5.368109166625165,1.8804620254266378,4.225548117776049,60,53
ensemble,49,5.368271436256254,1.8753912676932332,4.231645870522537,60,53
ensemble,50,5.368297262305593,1.86420923819025,4.234503975519613,60,53
ensemble,51,5.370431371043802,1.8784056998679328,4.221929932460457,60,53
ensemble,52,5.370374082432499,1.8745175141236823,4.230828534645354,60,53
ensemble,53,5.378475113176464,1.8721429918428594,4.223403967188186,60,53
ensemble,54,5.367885689783832,1.8714057541140672,4.2285040394099624,60,53
ensemble,55,5.368639770029696,1.8729464422483446,4.235744217188595,60,53
ensemble,56,5.373347083453425,1.8730239568404858,4.220917993871557,60,53
ensemble,57,5.369073792680157,1.880894576413849,4.205378983384317,60,53
ensemble,58,5.369908217188702,1.8752615340119594,4.229934233140424,60,53
ensemble,59,5.368511418954113,1.8742780822791067,4.230545762179777,60,53
ensemble,60,5.368275113602784,1.872216202936066,4.235732523696418,60,53
ensemble,61,5.3706307003870535,1.8794026064814082,4.219363280066894,60,53
ensemble,62,5.370243045666182,1.8737478590055412,4.217828027524838,60,53
ensemble,63,5.36777563001287,1.8712970132845876,4.230096939608843,60,53
ensemble,64,5.366961789018509,1.8794495774542999,4.21138079806362,60,53
ensemble,65,5.36914152758558,1.8707318425496504,4.231537012125551,60,53
ensemble,66,5.3709935098761274,1.8876848094326517,4.230314935202692,60,53
ensemble,67,5.370239357975382,1.875071387940104,4.23972135123245,60,53
ensemble,68,5.375133472716801,1.8833377942629057,4.223052347222547,60,53
ensemble,69,5.3699663203077135,1.8782864215704964,4.240156812829205,60,53
ensemble,70,5.372925955113047,1.8826600812872425,4.217190037060683,60,53
ensemble,71,5.3701999650158285,1.8777374384408816,4.224502435305066,60,53
ensemble,72,5.36929716536802,1.877335012910654,4.22325317436886,60,53
ensemble,73,5.375068931796367,1.878666830361323,4.219208679994086,60,53
ensemble,74,5.374769594246229,1.8863675395345287,4.224629232540985,60,53
ensemble,75,5.375862533934382,1.879635709779352,4.2330258098710365,60,53
ensemble,76,5.366912180672831,1.880154827560844,4.21569667650694,60,53
ensemble,77,5.371573981666572,1.8807279469507265,4.227601204440839,60,53
ensemble,78,5.370195270500313,1.8729426473539375,4.228958775530955,60,53
ensemble,79,5.369162036129541,1.8875729682279254,4.223029234977707,60,53
ensemble,80,5.3704511596329585,1.870537210849775,4.2250952897022716,60,53
ensemble,81,5.366049349598532,1.881181353955048,4.206958264021595,60,53
ensemble,82,5.373973460504807,1.8808269817065015,4.219303264054556,60,53
ensemble,83,5.368241877059836,1.8757469991873554,4.212963281188577,60,53
ensemble,84,5.368393829954295,1.8824102331487722,4.216900681874552,60,53
ensemble,85,5.368790074993718,1.8782799628933078,4.229397538580394,60,53
ensemble,86,5.370550148582282,1.8719444379680958,4.240934956891191,60,53
ensemble,87,5.369074497282304,1.8787695641541782,4.219665373861362,60,53
ensemble,88,5.369481881678373,1.8783962562868863,4.247840600118829,60,53
ensemble,89,5.36753719548673,1.8753497766906757,4.234718618616812,60,53
ensemble,90,5.372631192167175,1.8788094503253705,4.23179443391956,60,53
ensemble,91,5.372847264472344,1.8757657325162054,4.236929217510275,60,53
ensemble,92,5.374166936189704,1.8781346932446283,4.218722085613374,60,53
ensemble,93,5.3689284352341735,1.8712728507779672,4.235699336633083,60,53
ensemble,94,5.370140694114829,1.8740140133030683,4.226204750600742,60,53
ensemble,95,5.369419187353986,1.8896946470260376,4.218274662140979,60,53
ensemble,96,5.366936725512139,1.8818505954579732,4.211493121783121,60,53
ensemble,97,5.369547745641505,1.8810673958722153,4.2344676004439465,60,53
ensemble,98,5.368903714195226,1.8782643394493264,4.240369706227361,60,53
ensemble,99,5.367555612386851,1.880781126388537,4.221348222271565,60,53
ensemble,100,5.372946948941351,1.8739644117882104,4.225406416497435,60,53
