group,filename,status
9NFU,9NFU_overall_pLDDT.csv,copied
9NFU,9NFU_CDR_pLDDT_results.csv,copied
9NFU,9NFU_pLDDT_statistical_comparison.csv,copied
9NFU,9NFU_IMGT_residue_mapping.csv,copied
9NFU,9NFU_experimental_reference_RMSD.csv,copied
9NFU,9NFU_RMSD_statistical_comparison.csv,copied
9NFU,9NFU_domain_framework_RMSD.csv,copied
9NFU,9NFU_heavy_framework_sensitivity.csv,copied
9NFU,9NFU_domain_aligned_CDR_RMSD.csv,copied
9NFU,9NFU_domain_aligned_RMSD_statistics.csv,copied
9NH7,9NH7_final_pLDDT_results.csv,copied
9NH7,9NH7_unique_pLDDT_statistics.csv,copied
9NH7,9NH7_baseline_unique_experimental_reference_RMSD.csv,copied
9NH7,9NH7_ensemble_unique_RMSD_and_pLDDT.csv,copied
9NH7,9NH7_FDR_corrected_statistics.csv,copied
9NH7,9NH7_IMGT_CDR_validation.csv,copied
9NH7,9NH7_CDR_mapping_validation.csv,copied
summary,final_sequence_uniqueness_summary.csv,copied
